,area,com_client,comment,goods_name,score,times,user_grade,user_id
0,广东,来自京东iPhone客户端,假酒。便宜没好货 喝完头超疼,梅洛-红,grade-star g-star1,2016-08-18 16:51,铜牌会员,j***6
1,,来自京东iPhone客户端,红酒最基本的木塞都没有 真差这酒,梅洛-红,grade-star g-star1,2016-09-03 14:28,银牌会员,j***p
2,广东,来自京东iPhone客户端,酒不杂样,西拉-红,grade-star g-star1,2016-08-23 16:45,金牌会员,j***m
3,,来自京东iPhone客户端,居然写错收件人名称，幸亏别人拿回家又送回来！,梅洛-红,grade-star g-star1,2016-09-01 18:39,银牌会员,R***S
4,,来自京东iPhone客户端,瓶盖破损了，两瓶都这样,西拉-红,grade-star g-star1,2016-09-03 14:18,铜牌会员,j***h
5,广东,来自京东iPhone客户端,图片上是14年的：送过来是15年,西拉-红,grade-star g-star1,2016-09-02 13:01,钻石会员,j***2
6,上海,来自京东iPhone客户端,这个连橡木塞都没有，感觉不是很好，味很冲，不太喜欢,梅洛-红,grade-star g-star1,2016-09-01 22:40,银牌会员,q***8
7,甘肃,来自京东iPhone客户端,假酒,西拉-红,grade-star g-star1,2016-08-24 17:01,铜牌会员,S***8
8,广东,来自京东iPhone客户端,*时都没有区别，酸，口感单调，没有果味，但总体比红米酒好！,西拉-红,grade-star g-star1,2016-08-31 20:04,钻石会员,天***心
9,,来自京东iPhone客户端,这个不想说什么了，买了第二天*，感觉被坑了,西拉-红,grade-star g-star1,2016-08-28 19:51,铜牌会员,j***5
10,北京,来自京东iPad客户端,特别难喝，酒很酸，和在超市买的梅洛干红完全不同，感觉是假酒。,梅洛-红,grade-star g-star1,2016-08-20 02:53,金牌会员,jdhyyman
11,上海,来自京东iPhone客户端,酒精味很重，铝盖不是软木塞，不会再买了，不好喝,加本力梅洛-红,grade-star g-star1,2016-08-25 20:32,金牌会员,赤***酷
12,,,业,梅洛-红,grade-star g-star1,2016-08-22 10:45,银牌会员,一***风
13,,来自京东Android客户端,这酒不好喝了，苦的！,西拉-红,grade-star g-star1,2016-08-24 16:18,银牌会员,I***H
14,福建,来自京东iPhone客户端,放在蜂巢就算了，蜂巢,西拉-红,grade-star g-star1,2016-08-25 12:12,钻石会员,饭***团
15,广东,来自京东iPhone客户端,*也不宁愿要。真的是火。酒年份还是最新的。真的难喝。大家不要买。,西拉-红,grade-star g-star1,2016-08-23 02:44,银牌会员,j***p
16,广东,来自京东Android客户端,很一般，酒味大过果味，不是原瓶进口，是国内灌装的。,加本力梅洛-红,grade-star g-star1,2016-08-23 21:58,钻石会员,s***4
17,广东,来自京东Android客户端,很一般，酒味大过果味，不是原瓶进口，是国内灌装的。,梅洛-红,grade-star g-star1,2016-08-23 21:58,钻石会员,s***4
18,,,价格不给力，但35难得，39也可以勉强买一支,梅洛-红,grade-star g-star1,2016-08-22 02:31,银牌会员,j***l
19,天津,来自京东iPhone客户端,我觉得这评价系统做的很不人性化，我觉得好，给5颗星，觉得非常好，在写点字。干嘛非强制写字啊！就因为这也得差评。京东就差评。客户体验啊！！,西拉-红,grade-star g-star1,2016-06-25 15:55,钻石会员,o***m
20,天津,来自京东iPhone客户端,我觉得这评价系统做的很不人性化，我觉得好，给5颗星，觉得非常好，在写点字。干嘛非强制写字啊！就因为这也得差评。京东就差评。客户体验啊！！,加本力梅洛-红,grade-star g-star1,2016-06-25 15:55,钻石会员,o***m
21,天津,来自京东iPhone客户端,非常难喝的酒，连木塞都没有也叫红酒啊，居然销量还这么好,加本力梅洛-红,grade-star g-star1,2016-08-13 21:53,钻石会员,1***处
22,北京,来自京东iPhone客户端,真的挺恶心的 从来懒得评论 但这次要给个带图评论 打开瓶盖里面有黑绿色污垢 很多 还湿湿的 像某种贝类的内脏那样 擦了半天意识到这可能是发霉 只有纸巾上残留的痕迹 酒已经扔了 可能这种发霉酒不常见吧 但又不是木塞没道理啊 再也不在京东买酒了谁爱买谁买吧 祝好运,幕斯卡白,grade-star g-star1,2016-08-22 01:12,金牌会员,b***n
23,四川,来自京东iPhone客户端,吧,西拉-红,grade-star g-star1,2016-08-19 21:40,银牌会员,j***9
24,北京,,酒有问题 十个经常喝酒的人喝四瓶 大多数不省人事大约两小时,梅洛-红,grade-star g-star1,2016-07-28 14:11,钻石会员,j***z
25,北京,,酒有问题 十个经常喝酒的人喝四瓶 大多数不省人事大约两小时,西拉-红,grade-star g-star1,2016-07-28 14:11,钻石会员,j***z
26,北京,,酒有问题 十个经常喝酒的人喝四瓶 大多数不省人事大约两小时,霞多丽白,grade-star g-star1,2016-07-28 14:11,钻石会员,j***z
27,北京,,酒有问题 十个经常喝酒的人喝四瓶 大多数不省人事大约两小时,幕斯卡白,grade-star g-star1,2016-07-28 14:11,钻石会员,j***z
28,,来自微信购物,商品与网上不同，骗人的，大家不要买它,加本力苏维翁,grade-star g-star1,2016-08-19 11:20,银牌会员,Z***T
29,广东,来自京东iPhone客户端,垃圾,西拉-红,grade-star g-star1,2016-08-05 22:29,铜牌会员,t***m
30,广东,来自京东iPhone客户端,徦酒！京东也会卖酒吗????,梅洛-红,grade-star g-star1,2016-08-19 21:54,金牌会员,j***e
31,广东,来自京东iPhone客户端,假酒！打开，就有酒精味道十足！,加本力苏维翁,grade-star g-star1,2016-08-19 21:54,金牌会员,j***e
32,广东,来自京东iPhone客户端,一瓶47，买两瓶却是59一瓶价格？京东傻了，这次很有意见,梅洛-红,grade-star g-star1,2016-08-19 16:51,金牌会员,維维維
33,,来自微信购物,不满意。因为有一瓶渗出来了,幕斯卡桃红,grade-star g-star1,2016-08-15 02:19,铜牌会员,M***n
34,,来自京东iPhone客户端,不理想,西拉-红,grade-star g-star1,2016-05-28 11:16,银牌会员,我***4
35,上海,来自京东Android客户端,买2瓶酒就送来一瓶,梅洛-红,grade-star g-star1,2016-06-07 10:06,银牌会员,断***人
36,天津,,有一瓶瓶盖有问题，酒都流出来了，太垃圾了,桑格利亚,grade-star g-star1,2016-08-17 17:46,金牌会员,zhaoyi0126
37,,来自微信购物,这酒不怎么样,梅洛-红,grade-star g-star1,2016-05-19 12:50,铜牌会员,Z***9
38,广东,,假的，兑了水。用红酒滴在纸巾上有水迹扩散，口感很差。,加本力苏维翁,grade-star g-star1,2016-08-10 16:52,银牌会员,S***u
39,广东,来自京东iPhone客户端,假的。酒是酒，但不是这个酒，难喝。,加本力苏维翁,grade-star g-star1,2016-08-13 14:07,铜牌会员,M***R
40,广东,来自京东iPhone客户端,假的。酒是就，但不是这个酒。难喝。,西拉-红,grade-star g-star1,2016-08-13 14:07,铜牌会员,M***R
41,浙江,来自京东iPhone客户端,酒非常差。勾兑？,霞多丽白,grade-star g-star1,2016-07-30 05:34,金牌会员,j***4
42,,,不这么好喝,霞多丽白,grade-star g-star1,2016-08-09 18:47,铜牌会员,j***u
43,江苏,来自京东Android客户端,每次都不给送到门口，都要下楼去拿，烦,梅洛-红,grade-star g-star1,2016-06-22 22:08,金牌会员,z***w
44,,来自京东iPhone客户端,我买了两支，但请问只有一支有产品ID，令一支没有，商场卖的都有二维码的产品ID，请问是为什么呢？黄色那支是假货！？,西拉-红,grade-star g-star1,2016-07-25 21:11,银牌会员,j***6
45,,来自京东iPhone客户端,差评，差评，送人的还是，这不成心让人难堪嘛,幕斯卡桃红,grade-star g-star1,2016-08-03 10:34,铜牌会员,j***t
46,广东,来自京东Android客户端,第一次给差评，快递把红酒摔碎了，赔付款到现在还没到位。找京东客服也解决不了，快递员电话也打不通，钱就当喂狗吧！！！,加本力苏维翁,grade-star g-star1,2016-07-26 10:11,钻石会员,k***n
47,,来自京东iPhone客户端,没有想象那么好 觉得还不值这个价钱,西拉-红,grade-star g-star1,2016-07-30 22:39,银牌会员,1***p
48,,来自京东iPhone客户端,没有想象那么好 觉得还不值这个价钱,幕斯卡白,grade-star g-star1,2016-07-30 22:39,银牌会员,1***p
49,,来自京东iPhone客户端,没有想象那么好 觉得还不值这个价钱,幕斯卡桃红,grade-star g-star1,2016-07-30 22:39,银牌会员,1***p
50,,来自京东iPhone客户端,没有想象那么好 觉得还不值这个价钱 就想锐澳鸡尾酒一样,加本力梅洛-红,grade-star g-star1,2016-07-30 22:39,银牌会员,1***p
51,,来自京东iPhone客户端,:-(,梅洛-红,grade-star g-star1,2016-07-13 19:23,金牌会员,J***U
52,广东,来自京东Android客户端,木塞都木有，口感好差，感觉买到假货，上次买的不是这个牌子，感觉好才再买，这次好失望。,西拉-红,grade-star g-star1,2016-07-24 11:30,银牌会员,j***f
53,江苏,来自京东Android客户端,不如长城！,加本力梅洛-红,grade-star g-star1,2016-06-10 11:09,钻石会员,j***0
54,,来自京东iPhone客户端,东哥 你卖这样的酒就预示了你也长久不了 真是的坑人啊,加本力苏维翁,grade-star g-star1,2016-07-22 17:16,银牌会员,jd_0393784
55,四川,,哦，超级难喝，超级不顺口，再也不会买了,起泡葡萄酒,grade-star g-star1,2016-07-20 11:35,钻石会员,v***2
56,福建,,N4 全网通 4GB+32GB 阳光白 移动联通电信4G手机 双卡双待,起泡葡萄酒,grade-star g-star1,2016-06-28 19:30,钻石会员,博***V
57,广东,来自京东iPhone客户端,酒瓶上那些尘垢让人反感，纸箱烂得用胶纸粘了一片又一片…酒瓶标签贴得歪歪的…正品？我只想到一个字，操…,加本力梅洛-红,grade-star g-star1,2016-07-15 02:05,金牌会员,难***7
58,北京,来自京东Android客户端,这跟中国的菠萝啤酒味差不多，这么差的酒纯粹就是糊弄人,加本力苏维翁,grade-star g-star1,2016-06-11 20:24,金牌会员,j***m
59,北京,来自京东Android客户端,这跟中国的菠萝啤酒味差不多，这么差的酒纯粹就是糊弄人,西拉-红,grade-star g-star1,2016-06-11 20:24,金牌会员,j***m
60,北京,来自京东Android客户端,这跟中国的菠萝啤酒味差不多，这么差的酒纯粹就是糊弄人,幕斯卡白,grade-star g-star1,2016-06-11 20:24,金牌会员,j***m
61,北京,来自京东Android客户端,这跟中国的菠萝啤酒味差不多，这么差的酒纯粹就是糊弄人,幕斯卡桃红,grade-star g-star1,2016-06-11 20:24,金牌会员,j***m
62,北京,来自京东Android客户端,这跟中国的菠萝啤酒味差不多，这么差的酒纯粹就是糊弄人,加本力梅洛-红,grade-star g-star1,2016-06-11 20:24,金牌会员,j***m
63,,来自京东Android客户端,难喝！！,加本力苏维翁,grade-star g-star1,2016-07-08 11:17,钻石会员,心***g
64,海南,来自京东Android客户端,垃圾,梅洛-红,grade-star g-star1,2016-06-19 00:15,银牌会员,l***n
65,,来自京东Android客户端,不太好喝，酒味太冲。,梅洛-红,grade-star g-star1,2016-07-14 13:23,铜牌会员,j***w
66,,来自京东iPhone客户端,哼,西拉-红,grade-star g-star1,2016-07-01 11:56,银牌会员,q***e
67,,来自京东Android客户端,不知道啥味道，尝了一口都不想喝了，涩，酒精味浓，炝鼻，这么多好评是怎么出来的？表示怀疑！,梅洛-红,grade-star g-star1,2016-07-11 23:38,银牌会员,行***c
68,,来自微信购物,买13年的怎么发的是15年的，口感太涩，酒精味浓，＊,加本力苏维翁,grade-star g-star1,2016-07-13 22:25,铜牌会员,M***q
69,广东,来自京东Android客户端,没注意看，居然是发泡葡萄酒，还带甜味，跟喝汽水一样，不值这个价。,幕斯卡白,grade-star g-star1,2016-07-09 17:29,金牌会员,愤***夫
70,广东,来自京东Android客户端,品质太差,西拉-红,grade-star g-star1,2016-07-08 20:55,金牌会员,l***g
71,江苏,,"*
老子花了这么钱混到金牌,你把我黑号了,以后大家电,下单后都拒收",西拉-红,grade-star g-star1,2016-06-24 22:40,金牌会员,只***尔
72,,来自微信购物,这哪里是酒呀！太垃圾了 不能喝的 还京东自营 以后再也不会相信网上的东西了,西拉-红,grade-star g-star1,2016-06-30 15:38,铜牌会员,j***I
73,,来自微信购物,垃圾 根本不能喝 扔了,梅洛-红,grade-star g-star1,2016-06-30 15:38,铜牌会员,j***I
74,,来自微信购物,这哪里是酒呀 垃圾 说什么带违规词语 不能评论,霞多丽白,grade-star g-star1,2016-06-30 15:38,铜牌会员,j***I
75,广东,来自京东Android客户端,买了5瓶，其中3瓶明显味道很差，差点吐出来，难以下咽，两瓶口味正常，是不是参了假酒买……郁闷，以后不会再在京东买红酒了,西拉-红,grade-star g-star1,2016-06-27 14:22,钻石会员,S***I
76,广东,来自京东Android客户端,买了5瓶，其中3瓶明显味道很差，差点吐出来，难以下咽，两瓶口味正常，是不是参了假酒买……郁闷，以后不会再在京东买红酒了,加本力梅洛-红,grade-star g-star1,2016-06-27 14:22,钻石会员,S***I
77,广东,来自京东iPhone客户端,不好喝,西拉-红,grade-star g-star1,2016-07-01 23:38,铜牌会员,j***h
78,,来自微信购物,卖14年份送15年份来,西拉-红,grade-star g-star1,2016-07-04 15:09,铜牌会员,h***K
79,辽宁,来自京东iPhone客户端,不咋地连木塞都没有，一宁就开的呵呵了,加本力梅洛-红,grade-star g-star1,2016-04-17 19:41,金牌会员,h***u
80,,来自京东iPhone客户端,不好喝，味道太假了，喝了喉咙不舒服,梅洛-红,grade-star g-star1,2016-06-24 22:35,银牌会员,m***g
81,上海,,质量差差差,加本力苏维翁,grade-star g-star1,2016-04-04 00:04,钻石会员,上***8
82,上海,,"口感差, 太失望了",西拉-红,grade-star g-star1,2016-04-04 00:04,钻石会员,上***8
83,广东,来自京东iPhone客户端,價格比國外便宜 但不一樣 味道差很多氧化半個小時酒精味還是很大,西拉-红,grade-star g-star1,2016-06-29 14:39,铜牌会员,j***1
84,河南,来自京东Android客户端,再次购买就是不到货,梅洛-红,grade-star g-star1,2016-05-12 09:14,金牌会员,j***q
85,,来自京东Android客户端,专门等喝了之后再来评价的 自我感觉不怎么样 不知道是不是因为是半干的原因 反正口感真不咋滴 就闻着还有点味道 喝了后没有红酒该有的那种回味 这个价这种酒 实在不推荐！,加本力梅洛-红,grade-star g-star1,2016-06-22 17:16,金牌会员,三***夜
86,,,定的14年的， 发来的是16年的。京东*,西拉-红,grade-star g-star1,2016-06-18 14:05,银牌会员,j***8
87,,来自京东Android客户端,不建议买不建议买不建议买不建议买,梅洛-红,grade-star g-star1,2016-06-11 01:35,金牌会员,z***0
88,,来自京东Android客户端,难喝，不建议买,加本力梅洛-红,grade-star g-star1,2016-06-11 01:35,金牌会员,zj101010
89,广东,来自京东Android客户端,瓶子有点脏，不像是新包装，感觉一般般,西拉-红,grade-star g-star1,2016-06-18 10:57,银牌会员,j***t
90,,来自京东iPhone客户端,不好喝，味道太假了，喝了喉咙不舒服,梅洛-红,grade-star g-star1,2016-06-24 22:35,银牌会员,m***g
91,上海,,质量差差差,加本力苏维翁,grade-star g-star1,2016-04-04 00:04,钻石会员,上***8
92,上海,,"口感差, 太失望了",西拉-红,grade-star g-star1,2016-04-04 00:04,钻石会员,上***8
93,广东,来自京东iPhone客户端,價格比國外便宜 但不一樣 味道差很多氧化半個小時酒精味還是很大,西拉-红,grade-star g-star1,2016-06-29 14:39,铜牌会员,j***1
94,河南,来自京东Android客户端,再次购买就是不到货,梅洛-红,grade-star g-star1,2016-05-12 09:14,金牌会员,j***q
95,,来自京东Android客户端,专门等喝了之后再来评价的 自我感觉不怎么样 不知道是不是因为是半干的原因 反正口感真不咋滴 就闻着还有点味道 喝了后没有红酒该有的那种回味 这个价这种酒 实在不推荐！,加本力梅洛-红,grade-star g-star1,2016-06-22 17:16,金牌会员,三***夜
96,,,定的14年的， 发来的是16年的。京东*,西拉-红,grade-star g-star1,2016-06-18 14:05,银牌会员,j***8
97,,来自京东Android客户端,不建议买不建议买不建议买不建议买,梅洛-红,grade-star g-star1,2016-06-11 01:35,金牌会员,z***0
98,,来自京东Android客户端,难喝，不建议买,加本力梅洛-红,grade-star g-star1,2016-06-11 01:35,金牌会员,zj101010
99,湖北,来自京东iPhone客户端,说好送香槟杯的，根本没收到！根本没有杯子，买了五瓶连个杯子都不送，稀烂，不要说什么缺货，我当时看见显示缺货还特地问了，确定有送才买的，*子！,桃红起泡,grade-star g-star1,2016-06-08 10:25,银牌会员,j***y
100,湖北,来自京东iPhone客户端,说好送香槟杯的，根本没收到！根本没有杯子，买了五瓶连个杯子都不送，稀烂，不要说什么缺货，我当时看见显示缺货还特地问了，确定有送才买的，*子！,幕斯卡桃红,grade-star g-star1,2016-06-08 10:25,银牌会员,j***y
101,,来自京东Android客户端,真的一星都不想给，几天没有就降价了。,加本力梅洛-红,grade-star g-star1,2016-06-04 21:50,金牌会员,jd_? 陪伴是最
102,,,*酒害人啊，明显就是酒精勾兑的,霞多丽白,grade-star g-star1,2016-05-20 16:35,金牌会员,红***驴
103,,,*酒害人啊，明显就是酒精勾兑的,西拉-红,grade-star g-star1,2016-05-20 16:35,金牌会员,红***驴
104,,来自京东iPhone客户端,酒不行，以后再也不买便宜货了，铝盖，不好保存，喝起来特别浓的酒味,加本力梅洛-红,grade-star g-star1,2016-06-10 22:46,银牌会员,陈***星
105,,来自京东Android客户端,这个真心不好喝,西拉-红,grade-star g-star1,2016-05-19 00:14,金牌会员,j***1
106,河北,来自京东Android客户端,很好很好很好,西拉-红,grade-star g-star1,2016-06-03 20:54,金牌会员,京***晓
107,,来自京东Android客户端,包装太差，一下子碎了。,梅洛-红,grade-star g-star1,2016-06-04 17:29,钻石会员,j***8
108,,来自京东Android客户端,包装太差，一下子碎了。,幕斯卡白,grade-star g-star1,2016-06-04 17:29,钻石会员,j***8
109,,来自京东Android客户端,包装太差，一下漏包碎了一瓶,加本力梅洛-红,grade-star g-star1,2016-06-04 17:29,钻石会员,j***8
110,,来自微信购物,4瓶酒烂1瓶，海口配送到琼中阳江用了6天时间，大家评评吧。,梅洛-红,grade-star g-star1,2016-05-24 14:20,铜牌会员,j***u
111,北京,来自京东Android客户端,这次购物颠覆了我对京东自营商品一直以来的良好印象，*,西拉-红,grade-star g-star1,2016-05-30 13:51,钻石会员,j***c
112,北京,,这酒难喝的很，*,起泡葡萄酒,grade-star g-star1,2016-05-08 11:37,钻石会员,清***呢
113,广东,,闻起来的味道像小时候练毛笔字的墨汁。,梅洛-红,grade-star g-star1,2016-05-17 21:44,钻石会员,j***i
114,,来自京东Android客户端,酒味太浓，味道难喝，有没有喝了这个红酒第二天早上起来头晕沉沉的上班一天都没有精神？这是我在京东购物买的最差的一次东西，也没有发票，发货还不错,加本力梅洛-红,grade-star g-star1,2016-05-23 11:32,银牌会员,1***p
115,湖北,来自京东Android客户端,送过来的酒漏了，漏了漏了！！啥也不说了,梅洛-红,grade-star g-star1,2016-05-24 20:42,金牌会员,天***2
116,北京,,放了有好多天，打开要喝的时候，竟然是没有木塞的，很简陋的瓶装，密封的还不如矿泉水瓶,梅洛-红,grade-star g-star1,2016-05-10 02:19,金牌会员,u***t
117,,来自京东Android客户端,大包装价格超6瓶单价总和，**啊京东,加本力苏维翁,grade-star g-star1,2016-05-16 21:11,银牌会员,x***2
118,,来自京东Android客户端,大包装价格超6瓶单价总和，**啊京东,西拉-红,grade-star g-star1,2016-05-16 21:11,银牌会员,x***2
119,,来自京东Android客户端,大包装价格超6瓶单价总和，**啊京东,幕斯卡白,grade-star g-star1,2016-05-16 21:11,银牌会员,x***2
120,,来自京东Android客户端,大包装价格超6瓶单价总和，**啊京东,幕斯卡桃红,grade-star g-star1,2016-05-16 21:11,银牌会员,x***2
121,,来自京东Android客户端,大包装价格超6瓶单价总和，**啊京东,加本力梅洛-红,grade-star g-star1,2016-05-16 21:11,银牌会员,x***2
122,,来自微信购物,不好喝，感觉好像是假的，我也说不好。,幕斯卡白,grade-star g-star1,2016-02-21 00:37,金牌会员,LDjMiFlpjcJh
123,浙江,,物流不给力，破损了也不通知，自营的东西4天也不拿来，退货也不让退货，还找什么配送不能退货。那京东7天无理由退货声明给谁看呢？？？,霞多丽白,grade-star g-star1,2016-05-06 10:18,金牌会员,大***鱼
124,,来自京东iPhone客户端,一点都不好喝。,梅洛-红,grade-star g-star1,2016-05-06 13:56,银牌会员,j***9
125,北京,来自京东iPhone客户端,一,加本力苏维翁,grade-star g-star1,2016-03-12 01:53,银牌会员,卡***娜
126,福建,来自京东iPhone客户端,差评，难喝，假的。,西拉-红,grade-star g-star1,2016-05-09 20:21,金牌会员,j***0
127,福建,,二维码都扫不出来，假酒。。。,梅洛-红,grade-star g-star1,2016-05-09 13:47,银牌会员,z***9
128,,来自京东iPhone客户端,很刺鼻的酒精味道，强烈怀疑是假酒。,梅洛-红,grade-star g-star1,2016-02-18 00:30,银牌会员,M***o
129,,,口感差，不好喝!,霞多丽白,grade-star g-star1,2016-05-07 16:31,银牌会员,J***9
130,广东,来自京东iPhone客户端,这次买的打开一股浓烈的酒精味，口感也与以往，不一样,梅洛-红,grade-star g-star1,2016-03-31 23:43,银牌会员,j***9
131,湖北,来自京东Android客户端,完全就是一果啤，木塞都没有，口味不咋地，,慕斯卡白,grade-star g-star1,2016-05-05 22:20,金牌会员,铁***队
132,,来自微信购物,京东卖假货,西拉-红,grade-star g-star1,2016-05-06 10:23,铜牌会员,IWbpeAIYHkRF
133,,来自微信购物,送货的经常换人每天问地址好烦人！好想投诉！,加本力苏维翁,grade-star g-star1,2016-04-01 16:39,银牌会员,cHGiMHjqqGjz
134,,来自微信购物,送货的经常换人每天问地址好烦人！好想投诉！,加本力梅洛-红,grade-star g-star1,2016-04-30 19:54,银牌会员,c***z
135,,来自京东Android客户端,不好喝,西拉-红,grade-star g-star1,2016-05-02 13:27,铜牌会员,噢***y
136,广东,来自京东Android客户端,一般般！ 不同提子也一样味！的,梅洛-红,grade-star g-star1,2016-04-12 16:16,金牌会员,j***s
137,上海,来自京东iPhone客户端,不好喝 后悔买了,西拉-红,grade-star g-star1,2016-03-20 11:09,金牌会员,j***8
138,,来自京东iPhone客户端,今天收到酒，尝了一下，真难喝，感受如下：苦涩、酒精味十足、感觉不是一般的勾兑酒。大家慎买。,西拉-红,grade-star g-star1,2016-04-28 20:59,钻石会员,安晗影1988
139,,,一般般，不好喝，很酸，酒精味很大，留了发票信息，竟然没给开发票，也没个说法,西拉-红,grade-star g-star1,2016-04-26 14:16,铜牌会员,jd_╰︶°跑跑
140,广东,来自京东iPhone客户端,不好喝2233333333333,慕斯卡桃红,grade-star g-star1,2016-04-25 12:46,钻石会员,r***8
141,广东,来自京东Android客户端,一样的酸，给一个星，不是用来喝的，招呼朋友，失礼人。差,桃红起泡,grade-star g-star1,2016-04-22 22:59,钻石会员,浩***人
142,广东,来自京东Android客户端,酸，很酸，像喝醋。不满意，下次不会再买。,起泡葡萄酒,grade-star g-star1,2016-04-22 22:59,钻石会员,浩***人
143,,,作为资深用户，可以查查，第一次打了几个1颗星，因为10瓶酒里面6瓶没用保护用的气囊，送货员一直只送到楼下，几十斤的东西让顾客去搬，你说恰当吗？下次我直接拒收,加本力苏维翁,grade-star g-star1,2016-04-23 12:17,钻石会员,jd_975521
144,四川,来自京东iPhone客户端,奉劝 不要在京东上买红酒 很不满意,加本力梅洛-红,grade-star g-star1,2016-02-04 10:03,钻石会员,成***羊
145,山西,来自京东iPhone客户端,货品凑合，配送员不错，认真负责，一星是给你老板的，给你京东所谓的破系统的！在京东购物就是图个送货快，按你们要求时限下单，却被忽悠误了事！你京东是个什么东西！一星都不想给！,梅洛-红,grade-star g-star1,2016-03-07 10:56,钻石会员,j***4
146,山西,来自京东iPhone客户端,货品凑合，配送员不错，认真负责，一星是给你老板的，给你京东所谓的破系统的！在京东购物就是图个送货快，按你们要求时限下单，却被忽悠误了事！你京东是个什么东西！一星都不想给！,西拉-红,grade-star g-star1,2016-03-07 10:56,钻石会员,j***4
147,福建,来自京东iPhone客户端,一买就降价，有点怀疑酒的实际成本到底有多低啊，永远都是特价，可是永远有最低价,霞多丽白,grade-star g-star1,2016-04-20 20:35,钻石会员,j***n
148,,来自手机QQ购物,不是很理想，味道不咋地,西拉-红,grade-star g-star1,2016-03-03 21:02,铜牌会员,sbJtRmlvdbUL
149,广东,,非常难喝，只有酒精味，实在无法入口,加本力梅洛-红,grade-star g-star1,2016-03-17 13:38,金牌会员,leaon_llh
150,重庆,来自京东Android客户端,垃圾,加本力梅洛-红,grade-star g-star1,2016-02-03 17:30,金牌会员,j***k
151,广东,,瓶盖竟然是不用拧就可以整个拿下来，估计已经漏气了。,西拉-红,grade-star g-star1,2016-01-20 18:42,金牌会员,S***9
152,北京,,上头，烧心，真心不怎么样。,梅洛-红,grade-star g-star1,2016-03-27 19:14,钻石会员,w***7
153,北京,,上头，烧心，不怎么样,加本力苏维翁,grade-star g-star1,2016-03-27 19:14,钻石会员,w***7
154,北京,来自京东iPhone客户端,不好喝,慕斯卡桃红,grade-star g-star1,2016-02-13 15:10,金牌会员,y***t
155,北京,来自京东iPhone客户端,不好喝！,慕斯卡白,grade-star g-star1,2016-02-13 15:10,金牌会员,y***t
156,广东,来自京东Android客户端,以前快递送过来都是打电话联系本人.现在却都不联系?????,西拉-红,grade-star g-star1,2016-04-14 20:57,钻石会员,_***n
157,广东,来自京东Android客户端,以前快递送过来都是打电话联系本人.现在却都不联系,加本力梅洛-红,grade-star g-star1,2016-04-14 20:57,钻石会员,_***n
158,,来自京东Android客户端,差评，误导消费者，图片显示12年的，实际是15年的，打包就随便一放？幸亏物流给力，没碎,加本力苏维翁,grade-star g-star1,2016-04-13 00:05,钻石会员,r***n
159,,来自京东Android客户端,误导消费者，图片显示12年的，实际是15年的，打包就随便一放？幸亏物流给力，没碎,加本力梅洛-红,grade-star g-star1,2016-04-13 00:05,钻石会员,r***n
160,,来自微信购物,"第一次在京东买红酒不好喝还是自营的,假的水兑的",1瓶-梅洛-红,grade-star g-star1,2016-01-28 05:33,银牌会员,pHpxyNDaoNqP
161,北京,来自京东iPhone客户端,喝起像醋,1瓶-珍藏西拉红,grade-star g-star1,2016-03-31 19:17,金牌会员,h***2
162,,来自京东Android客户端,瓶嘴都崩了 怎么喝 玻璃渣都掉进酒里了 真是服了,1瓶-西拉-红,grade-star g-star1,2016-04-07 09:24,铜牌会员,jd_156227kdc
163,,来自京东Android客户端,(´?皿?｀)？？？？？！！,1瓶-西拉-红,grade-star g-star1,2016-03-30 23:26,金牌会员,M***桀
164,,来自京东Android客户端,又特么的买贵了,1瓶-珍藏西拉红,grade-star g-star1,2016-03-15 10:16,钻石会员,淡***莉
165,广东,来自京东iPhone客户端,味道不一样了,加本力苏维翁,grade-star g-star1,2016-04-04 23:25,金牌会员,m***n
166,,来自京东Android客户端,差评！！商品详细没有明确这款红酒是半干型的！,加本力苏维翁,grade-star g-star1,2016-04-05 20:16,金牌会员,8***m
167,,来自京东iPhone客户端,真心难喝,1瓶-西拉-红,grade-star g-star1,2016-03-01 19:29,银牌会员,z***1
168,,来自京东Android客户端,差评！！在商品详细中没有标明是半干型红酒。,1瓶-加本力梅洛-红,grade-star g-star1,2016-04-05 20:16,金牌会员,8***m
169,,来自京东Android客户端,差评！！这是半干葡萄酒，在商品介绍中没有明确说明，商家故意隐瞒酒的类型，上当了。京东怎么可以这么做！！,1瓶-梅洛-红,grade-star g-star1,2016-04-05 20:16,金牌会员,8***m
170,广东,来自京东iPhone客户端,！！！！！！！！,1瓶-加本力梅洛-红,grade-star g-star1,2016-02-15 17:24,金牌会员,j***u
171,广东,来自京东iPhone客户端,！！！！！！！！！！！,1瓶-西拉-红,grade-star g-star1,2016-02-15 17:24,金牌会员,j***u
172,江苏,来自京东Android客户端,没人要喝，口感。买了两箱，坑,加本力苏维翁,grade-star g-star1,2016-02-09 14:44,金牌会员,k***6
173,北京,来自京东Android客户端,很一般的桃红，最后开的，毫无特点，没喝完都倒了,桃红起泡,grade-star g-star1,2016-03-24 01:05,钻石会员,彼***火
174,北京,来自京东iPad客户端,超难喝。不是木塞上当受骗,加本力苏维翁,grade-star g-star1,2016-04-03 13:36,钻石会员,jd_yvhk01
175,,,111,1瓶-加本力梅洛-红,grade-star g-star1,2016-02-05 16:45,金牌会员,jd_我草牙疼真要命
176,,,111111,慕斯卡桃红,grade-star g-star1,2016-02-05 16:45,金牌会员,jd_我草牙疼真要命
177,,,111,慕斯卡白,grade-star g-star1,2016-02-05 16:45,金牌会员,jd_我草牙疼真要命
178,,,1111,1瓶-西拉-红,grade-star g-star1,2016-02-05 16:45,金牌会员,jd_我草牙疼真要命
179,,,1111,加本力苏维翁,grade-star g-star1,2016-02-05 16:45,金牌会员,jd_我草牙疼真要命
180,,,111,1瓶-梅洛-红,grade-star g-star1,2016-02-05 16:45,金牌会员,jd_我草牙疼真要命
181,,来自京东iPhone客户端,一次性买了袋鼠三种葡萄的，这款梅洛差些，有明显的香精味，京东经常买正价是正品，加价购是次品，不知道是否给我发的次品,1瓶-梅洛-红,grade-star g-star1,2016-03-21 23:18,银牌会员,r***7
182,广东,来自京东Android客户端,不怎么优惠,加本力苏维翁,grade-star g-star1,2016-03-10 21:55,金牌会员,j***x
183,广东,来自京东Android客户端,不怎么优惠,1瓶-西拉-红,grade-star g-star1,2016-03-10 21:55,金牌会员,j***x
184,广东,来自京东Android客户端,不怎么优惠,1瓶-霞多丽白,grade-star g-star1,2016-03-10 21:55,金牌会员,j***x
185,,来自京东Android客户端,假的。。。,1瓶-西拉-红,grade-star g-star1,2016-03-29 15:59,铜牌会员,偶***煜
186,辽宁,来自京东Android客户端,假货，酒精味太重，喝完嘴一圈都是暗红色洗都洗不掉，还不如三十元的张裕，一直以为京东商品不错，太次了，再也不会爱了,,grade-star g-star1,2016-03-20 14:11,铜牌会员,j***m
187,,来自京东Android客户端,"快递就三天,喝起来一般,涩的很",1瓶-加本力梅洛-红,grade-star g-star1,2016-03-25 19:21,银牌会员,悉***O
188,,来自京东iPhone客户端,货只到一半，这算什么？,,grade-star g-star1,2016-03-19 21:13,铜牌会员,金***V
189,四川,来自京东Android客户端,没喝过这么难喝的葡萄酒，还是酸的，都没有木塞，也不好保存,1瓶-加本力梅洛-红,grade-star g-star1,2016-02-09 19:37,钻石会员,w***6
190,,,不好喝，没长城的好！！！！！,1瓶-珍藏西拉红,grade-star g-star1,2016-03-09 16:37,铜牌会员,欢***8
191,,来自手机QQ购物,可能是口味不同，难喝死了，一股硫的味道,1瓶-加本力梅洛-红,grade-star g-star1,2016-01-24 20:24,铜牌会员,r***h
192,,来自京东iPhone客户端,不好喝，感觉是假的,1瓶-珍藏西拉红,grade-star g-star1,2016-01-13 14:58,金牌会员,b***生
193,,来自京东iPhone客户端,这酒真难喝、太苦、下不了嘴,1瓶-加本力梅洛-红,grade-star g-star1,2016-03-21 21:42,银牌会员,沙***也
194,广东,来自京东Android客户端,假酒,慕斯卡桃红,grade-star g-star1,2016-02-02 01:36,金牌会员,小***2
195,北京,来自京东iPhone客户端,酸酸苦苦的味道，巨难喝啊，连橡木塞都没有，就是个啤酒瓶盖子，，，,,grade-star g-star1,2016-03-18 17:03,银牌会员,j***y
196,陕西,来自京东Android客户端,一个字 差 俩个字太差 三个字 非常差，服务态度差，刚买几天就降价，让返还差价，结果给你回复一大堆乱七八糟的理由和借口！ 真心后悔买了！ 几天之前买的时候是364 没过几天，就降价324 这让我们如何去信任商户！京东老会员了！ 最不愉快的一次购物！建议大家购买谨慎！,,grade-star g-star1,2016-03-09 16:35,钻石会员,段***扬
197,陕西,来自京东Android客户端,一个字 差 俩个字太差 三个字 非常差，服务态度差，刚买几天就降价，让返还差价，结果给你回复一大堆乱七八糟的理由和借口！ 真心后悔买了！ 几天之前买的时候是364 没过几天，就降价324 这让我们如何去信任商户！京东老会员了！ 最不愉快的一次购物！建议大家购买谨慎！,慕斯卡白,grade-star g-star1,2016-03-09 16:35,钻石会员,段***扬
198,陕西,来自京东Android客户端,一个字 差 俩个字太差 三个字 非常差，服务态度差，刚买几天就降价，让返还差价，结果给你回复一大堆乱七八糟的理由和借口！ 真心后悔买了！ 几天之前买的时候是364 没过几天，就降价324 这让我们如何去信任商户！京东老会员了！ 最不愉快的一次购物！建议大家购买谨慎！,慕斯卡桃红,grade-star g-star1,2016-03-09 16:35,钻石会员,段***扬
199,陕西,来自京东Android客户端,一个字 差 俩个字太差 三个字 非常差，服务态度差，刚买几天就降价，让返还差价，结果给你回复一大堆乱七八糟的理由和借口！ 真心后悔买了！ 几天之前买的时候是364 没过几天，就降价324 这让我们如何去信任商户！京东老会员了！ 最不愉快的一次购物！建议大家购买谨慎！,1瓶-加本力梅洛-红,grade-star g-star1,2016-03-09 16:35,钻石会员,段***扬
200,广东,来自京东iPhone客户端,难喝！！！！！！！！！,慕斯卡桃红,grade-star g-star1,2016-03-17 00:02,金牌会员,j***v
201,广东,来自京东iPhone客户端,在京东买过多次，香港港买了几瓶，对比一下，都是原瓶进口，怎么会有差异呢？同一年的。注意袋鼠脖子上有无打点，和袋鼠印章的清晰度。请京东重视，给消费者一个负责任的，合理的解释！,,grade-star g-star1,2016-03-03 19:37,金牌会员,sky1707
202,吉林,来自京东Android客户端,不好喝，又淡又苦。和**钱的差不多。,1瓶-珍藏西拉红,grade-star g-star1,2016-03-14 09:08,银牌会员,W***r
203,,来自微信购物,买两瓶酒二维码扫的结果一瓶真一瓶假,1瓶-加本力梅洛-红,grade-star g-star1,2016-03-16 19:05,铜牌会员,sTrfjeGntUFS
204,海南,来自京东Android客户端,买回来没几天就降价。???,1瓶-西拉-红,grade-star g-star1,2016-03-10 10:52,钻石会员,j***q
205,广东,来自京东iPhone客户端,下单(1月31日)第2天显示货已到了配送点，但一直等了3一4天都无收到，本以为春节前比较慢，但到了2月5日那天，系统却显示我已收了货，令我非常奇怪，因为我本人根本没收到，为此直接与京东客服投诉，在过年其间客服曾多次来电了解、处理。最后给出的答复是配送员把货品遗失，因为是货到付款的，所以配送员自行付款了，但直至春节都没与我联系，而令人更气愤的是配送员私下代我签收了，并不是将货物当遗失赔尝后而重发给我，本来订的酒是过年喝的，这事从投诉到得到答复已差不多10天时间，最后与客服沟通后，决定不需要重发货了，所以直到现在我是没收货的。,1瓶-梅洛-红,grade-star g-star1,2016-01-30 20:16,银牌会员,星***8
206,广东,来自京东iPhone客户端,下单(1月31日)第2天显示货已到了配送点，但一直等了3一4天都无收到，本以为春节前比较慢，但到了2月5日那天，系统却显示我已收了货，令我非常奇怪，因为我本人根本没收到，为此直接与京东客服投诉，在过年其间客服曾多次来电了解、处理。最后给出的答复是配送员把货品遗失，因为是货到付款的，所以配送员自行付款了，但直至春节都没与我联系，而令人更气愤的是配送员私下代我签收了，并不是将货物当遗失赔尝后而重发给我，本来订的酒是过年喝的，这事从投诉到得到答复已差不多10天时间，最后与客服沟通后，决定不需要重发货了，所以直到现在我是没收货的。,,grade-star g-star1,2016-01-30 20:16,银牌会员,星***8
207,广东,来自京东iPhone客户端,下单(1月31日)第2天显示货已到了配送点，但一直等了3一4天都无收到，本以为春节前比较慢，但到了2月5日那天，系统却显示我已收了货，令我非常奇怪，因为我本人根本没收到，为此直接与京东客服投诉，在过年其间客服曾多次来电了解、处理。最后给出的答复是配送员把货品遗失，因为是货到付款的，所以配送员自行付款了，但直至春节都没与我联系，而令人更气愤的是配送员私下代我签收了，并不是将货物当遗失赔尝后而重发给我，本来订的酒是过年喝的，这事从投诉到得到答复已差不多10天时间，最后与客服沟通后，决定不需要重发货了，所以直到现在我是没收货的。,1瓶-西拉-红,grade-star g-star1,2016-01-30 20:16,银牌会员,星***8
208,广东,来自京东iPhone客户端,下单(1月31日)第2天显示货已到了配送点，但一直等了3一4天都无收到，本以为春节前比较慢，但到了2月5日那天，系统却显示我已收了货，令我非常奇怪，因为我本人根本没收到，为此直接与京东客服投诉，在过年其间客服曾多次来电了解、处理。最后给出的答复是配送员把货品遗失，因为是货到付款的，所以配送员自行付款了，但直至春节都没与我联系，而令人更气愤的是配送员私下代我签收了，并不是将货物当遗失赔尝后而重发给我，本来订的酒是过年喝的，这事从投诉到得到答复已差不多10天时间，最后与客服沟通后，决定不需要重发货了，所以直到现在我是没收货的。,慕斯卡白,grade-star g-star1,2016-01-30 20:16,银牌会员,星***8
209,广东,来自京东iPhone客户端,下单(1月31日)第2天显示货已到了配送点，但一直等了3一4天都无收到，本以为春节前比较慢，但到了2月5日那天，系统却显示我已收了货，令我非常奇怪，因为我本人根本没收到，为此直接与京东客服投诉，在过年其间客服曾多次来电了解、处理。最后给出的答复是配送员把货品遗失，因为是货到付款的，所以配送员自行付款了，但直至春节都没与我联系，而令人更气愤的是配送员私下代我签收了，并不是将货物当遗失赔尝后而重发给我，本来订的酒是过年喝的，这事从投诉到得到答复已差不多10天时间，最后与客服沟通后，决定不需要重发货了，所以直到现在我是没收货的。,1瓶-加本力梅洛-红,grade-star g-star1,2016-01-30 20:16,银牌会员,星***8
210,北京,来自京东iPhone客户端,口感很差，一点都不好喝，有点硫化物的味道,1瓶-霞多丽白,grade-star g-star1,2016-02-15 11:24,金牌会员,j***7
211,湖南,来自京东Android客户端,差的要死，是假的，苦的要死,1瓶-梅洛-红,grade-star g-star1,2016-01-30 00:21,银牌会员,米***狸
212,,来自手机QQ购物,假得很没水平,,grade-star g-star1,2016-03-15 23:41,铜牌会员,j***n
213,北京,来自京东Android客户端,很劣质，酒精味极浓，完全不是干红。,1瓶-西拉-红,grade-star g-star1,2016-02-04 20:27,钻石会员,y***r
214,河北,来自京东iPhone客户端,真难喝、真难喝、真难喝，也可能是我不适应，不过实在太难喝了。我喝了三两，搞的我头、心里都不舒服。中午喝的另一个气泡的，比这个还好一点点。不如啤酒喝的痛快。,桃红起泡,grade-star g-star1,2016-03-17 22:39,金牌会员,积***考
215,北京,来自京东iPhone客户端,收到的酒生产日期与图片不符，几个意思？,1瓶-珍藏西拉红,grade-star g-star1,2016-03-14 08:44,钻石会员,f***e
216,,来自京东Android客户端,不好！,,grade-star g-star1,2016-01-31 01:14,银牌会员,沈***棋
217,福建,来自京东Android客户端,不好喝，便宜没好货,,grade-star g-star1,2016-01-18 19:58,钻石会员,j***3
218,北京,,酒塞都没有的酒 口感还不如*钱的张裕 难喝的只能做鱼了,,grade-star g-star1,2016-03-02 22:31,钻石会员,jd_6301c023851c3
219,,,每瓶酒喝到最后都有很多黑色的细颗粒，是没有过滤干净吗？,1瓶-西拉-红,grade-star g-star1,2016-03-06 12:02,钻石会员,llmrabbit
220,江苏,来自京东Android客户端,京东缺乏责任心,,grade-star g-star1,2016-01-31 07:36,钻石会员,j***y
221,江苏,来自京东Android客户端,？？,1瓶-西拉-红,grade-star g-star1,2016-01-31 07:36,钻石会员,j***y
222,北京,来自京东iPhone客户端,京东搞的文字游戏 满99买3件,1瓶-梅洛-红,grade-star g-star1,2016-03-13 19:18,钻石会员,哈***噜
223,上海,来自京东iPhone客户端,不是京东自营的酒，好大的忽悠,1瓶-珍藏西拉红,grade-star g-star1,2016-03-14 10:42,金牌会员,j***c
224,北京,来自京东Android客户端,价格便宜，味道很一般，基本就是水味儿！,1瓶-珍藏西拉红,grade-star g-star1,2016-01-14 18:01,钻石会员,李***徽
225,广东,来自京东Android客户端,111111111111,1瓶-西拉-红,grade-star g-star1,2016-03-08 20:51,金牌会员,申***i
226,,来自京东Android客户端,太难喝了。。。,1瓶-加本力梅洛-红,grade-star g-star1,2016-01-28 00:32,钻石会员,顺***渺
227,,来自京东iPhone客户端,可以,1瓶-霞多丽白,grade-star g-star1,2016-02-09 22:56,金牌会员,萌***5
228,西藏,来自京东iPhone客户端,为什么买完就降价了为什么买完就降价了为什么买完就降价了为什么买完就降价了为什么买完就降价了京东好坑,1瓶-珍藏西拉红,grade-star g-star1,2016-03-03 15:26,银牌会员,c***k
229,,来自京东iPhone客户端,特别差，我特别生气，没见过这么差的包装！没见过这么差的客服，我一直是京东忠实的客户，我两个账户去年到今年在京东购物不下五六万了，第一次遇到这么差的售后服务，我是重庆的顾客，2月6日回江西的老家过年，给家里买了这款红酒6瓶，还有椰子汁，加多宝，油米都有，收到红酒时打烂一瓶，联系客服，退回去一瓶，说退钱，10号，客服打电话告诉我，补发一瓶行吗？我说行啊，等到二十几号还没收到，我人已经回到重庆，追问客服，说没见到这个单，现在帮我处理，退钱可以不？我说好啊！等到3月6、7号的时候又打电话说现在给我退钱，三天之内注意查收，到昨天又打电话去给我的83的老父亲，问东问西，老人耳聋眼花，不知道怎么回事，打电话问我，我气都坏了，今天又打电话给我问我，说钱已经退给我了，查了银行卡，根本没有收到，啰里八嗦问了我一大堆，就一件如此小的售后服务搞到如此复杂，前前后后十几个电话都没有解决问题！你们京东也太离谱了吧！一个多月了，折腾死人了，几十元钱，你们的售后也太差了！我都无语了，什么呀！我都找不到词语形容你们这种不作为，拖拉，不专业的工作态度，真是特别生气！反正还没解决！,1瓶-西拉-红,grade-star g-star1,2016-02-01 21:09,银牌会员,j***c
230,北京,来自京东iPhone客户端,不好喝,1瓶-梅洛-红,grade-star g-star1,2016-02-25 22:49,钻石会员,b***8
231,,,不好喝,1瓶-西拉-红,grade-star g-star1,2016-02-21 15:36,银牌会员,假***哥
232,河北,来自京东Android客户端,还没喝，不过在网页上看不出红酒类型，想买干红拿到手才发现是半干型的,,grade-star g-star1,2016-03-07 11:26,金牌会员,j***0
233,辽宁,,着酒真不咋滴 太垃圾了 还是别买了,,grade-star g-star1,2016-01-30 19:09,银牌会员,jd188429rqs
234,浙江,来自京东Android客户端,"先说说商品：买了9瓶黄尾袋鼠，收到的是7瓶黄尾袋鼠+2瓶“类人首”。劝大家收到货物要仔细核对一下，1看商品是否符合，二看是否有破损。
再说说售后服务：3.2发起换货服务，3.4才由系统自动审核通过，今天是3.9，页面显示退换的货物正在检测，还没给我发过来。到目前已经1个星期了，还没完成换货。这个售后服务效率相比售前送货效率也太低了。",,grade-star g-star1,2016-03-01 19:01,钻石会员,mglcyd
235,,来自京东iPhone客户端,很少给差评，不太好喝啊，有点酸，喝到胃里有点烧,1瓶-西拉-红,grade-star g-star1,2016-03-07 20:03,银牌会员,J***4
236,,来自京东Android客户端,第一次京東訂酒那麼慢的，頁面顯示都在家門口了，就是遲遲不送，搞甚麼鬼啊~,,grade-star g-star1,2016-03-03 19:15,钻石会员,醉***楼
237,,,喝着怎么有股胶皮味。是我太土了，还是酒有问题,1瓶-霞多丽白,grade-star g-star1,2016-03-01 20:55,金牌会员,f***i
238,广东,来自京东iPhone客户端,像色素一样，差，,,grade-star g-star1,2016-02-23 18:47,钻石会员,j***1
239,,来自京东iPhone客户端,味道不咋的,1瓶-梅洛-红,grade-star g-star1,2016-01-25 14:40,钻石会员,j***4
240,湖北,来自京东Android客户端,拍后半个多月没到货，联系客服多次，总说年底订单多太忙，最后一次还骗说到了，让自已去邮政取货，跑去两次邮政的都说没到，根本没那快递，京东还喜欢玩这手骗人把戏啊，只好退货了。,1瓶-珍藏西拉红,grade-star g-star1,2016-01-25 12:52,银牌会员,云***9
241,北京,来自京东iPhone客户端,酒凑合但是买完就降价 闹哪样238买的 第二天就变99了,1瓶-珍藏西拉红,grade-star g-star1,2016-03-03 19:34,钻石会员,老***n
242,广东,,垃圾，这种东西也拿出来卖，不知是不是真真进口，反正超差的,,grade-star g-star1,2016-01-15 14:06,金牌会员,H***D
243,广东,来自京东iPhone客户端,口感不好，喝起来酸酸，瑟口不好喝，下次不买了,,grade-star g-star1,2016-03-04 06:58,钻石会员,代大
244,,来自京东Android客户端,假酒，勾兑的，亲们不要上当,,grade-star g-star1,2016-03-02 20:34,银牌会员,138*****078
245,广东,来自京东Android客户端,好...难喝，涩得不行。贪便宜，还没长城好，估计是我目前喝的最差红酒。,1瓶-加本力梅洛-红,grade-star g-star1,2016-01-26 14:47,钻石会员,随***动
246,,来自京东Android客户端,喝了上头，酒有问题,1瓶-加本力梅洛-红,grade-star g-star1,2016-01-18 20:24,钻石会员,j***h
247,广东,来自京东Android客户端,假酒来的，超级难喝，根本不能入口，试了下就扔了,1瓶-加本力梅洛-红,grade-star g-star1,2016-02-28 22:19,银牌会员,j***a
248,重庆,来自京东iPhone客户端,假酒，麻舌头,1瓶-加本力梅洛-红,grade-star g-star1,2016-01-12 22:22,银牌会员,-***_
249,广东,来自京东Android客户端,收到货后才发现瓶子有点脏，但是没有烂，感觉不是新货,霞多丽白,grade-star g-star1,2016-06-18 10:57,银牌会员,j***t
250,广东,来自京东Android客户端,还没喝，不知道怎么样，看包装不像正品,加本力苏维翁,grade-star g-star1,2016-06-18 10:57,银牌会员,j***t
251,广东,来自京东Android客户端,感觉一般般,幕斯卡白,grade-star g-star1,2016-06-18 10:57,银牌会员,j***t
252,广东,来自京东Android客户端,二维码竟然是烂的，这样的货也能发过来，以后不会再买了,梅洛-红,grade-star g-star1,2016-06-18 10:57,银牌会员,j***t
253,,来自京东Android客户端,木塞都没有，劝大家不要买，小心上当,加本力苏维翁,grade-star g-star1,2016-06-14 11:13,银牌会员,1***p
254,江苏,,"*买了你家这么多东西还一*号,打售后电话也不承认,抢了这么天券,等到0点都不行,*",西拉-红,grade-star g-star1,2016-04-29 10:45,金牌会员,只***尔
255,,来自京东iPhone客户端,瓶塞都没有 很难喝假货上当的感觉,梅洛-红,grade-star g-star1,2016-06-15 20:14,铜牌会员,j***i
256,,来自京东iPhone客户端,送的袋子是个露的 麻烦以后检查下再送 还不如不送 酒直接掉地上碎掉 呵呵,加本力苏维翁,grade-star g-star1,2016-06-16 08:46,银牌会员,孙***n
257,辽宁,,味道不咋样，真心不如长城的。,加本力梅洛-红,grade-star g-star1,2016-03-26 11:45,金牌会员,n***d
258,辽宁,,味道不咋样，真心不如长城的。,梅洛-红,grade-star g-star1,2016-03-26 11:45,金牌会员,n***d
259,广东,来自京东Android客户端,收到货后才发现瓶子有点脏，但是没有烂，感觉不是新货,霞多丽白,grade-star g-star1,2016-06-18 10:57,银牌会员,j***t
260,广东,来自京东Android客户端,还没喝，不知道怎么样，看包装不像正品,加本力苏维翁,grade-star g-star1,2016-06-18 10:57,银牌会员,j***t
261,广东,来自京东Android客户端,感觉一般般,幕斯卡白,grade-star g-star1,2016-06-18 10:57,银牌会员,j***t
262,广东,来自京东Android客户端,二维码竟然是烂的，这样的货也能发过来，以后不会再买了,梅洛-红,grade-star g-star1,2016-06-18 10:57,银牌会员,j***t
263,,来自京东Android客户端,木塞都没有，劝大家不要买，小心上当,加本力苏维翁,grade-star g-star1,2016-06-14 11:13,银牌会员,1***p
264,江苏,,"*买了你家这么多东西还一*号,打售后电话也不承认,抢了这么天券,等到0点都不行,*",西拉-红,grade-star g-star1,2016-04-29 10:45,金牌会员,只***尔
265,,来自京东iPhone客户端,瓶塞都没有 很难喝假货上当的感觉,梅洛-红,grade-star g-star1,2016-06-15 20:14,铜牌会员,j***i
266,,来自京东iPhone客户端,送的袋子是个露的 麻烦以后检查下再送 还不如不送 酒直接掉地上碎掉 呵呵,加本力苏维翁,grade-star g-star1,2016-06-16 08:46,银牌会员,孙***n
267,辽宁,,味道不咋样，真心不如长城的。,加本力梅洛-红,grade-star g-star1,2016-03-26 11:45,金牌会员,n***d
268,辽宁,,味道不咋样，真心不如长城的。,梅洛-红,grade-star g-star1,2016-03-26 11:45,金牌会员,n***d
269,广东,来自京东Android客户端,收到货后才发现瓶子有点脏，但是没有烂，感觉不是新货,霞多丽白,grade-star g-star1,2016-06-18 10:57,银牌会员,j***t
270,广东,来自京东Android客户端,还没喝，不知道怎么样，看包装不像正品,加本力苏维翁,grade-star g-star1,2016-06-18 10:57,银牌会员,j***t
271,广东,来自京东Android客户端,感觉一般般,幕斯卡白,grade-star g-star1,2016-06-18 10:57,银牌会员,j***t
272,广东,来自京东Android客户端,二维码竟然是烂的，这样的货也能发过来，以后不会再买了,梅洛-红,grade-star g-star1,2016-06-18 10:57,银牌会员,j***t
273,,来自京东Android客户端,木塞都没有，劝大家不要买，小心上当,加本力苏维翁,grade-star g-star1,2016-06-14 11:13,银牌会员,1***p
274,江苏,,"*买了你家这么多东西还一*号,打售后电话也不承认,抢了这么天券,等到0点都不行,*",西拉-红,grade-star g-star1,2016-04-29 10:45,金牌会员,只***尔
275,,来自京东iPhone客户端,瓶塞都没有 很难喝假货上当的感觉,梅洛-红,grade-star g-star1,2016-06-15 20:14,铜牌会员,j***i
276,,来自京东iPhone客户端,送的袋子是个露的 麻烦以后检查下再送 还不如不送 酒直接掉地上碎掉 呵呵,加本力苏维翁,grade-star g-star1,2016-06-16 08:46,银牌会员,孙***n
277,辽宁,,味道不咋样，真心不如长城的。,加本力梅洛-红,grade-star g-star1,2016-03-26 11:45,金牌会员,n***d
278,辽宁,,味道不咋样，真心不如长城的。,梅洛-红,grade-star g-star1,2016-03-26 11:45,金牌会员,n***d
279,广东,来自京东Android客户端,收到货后才发现瓶子有点脏，但是没有烂，感觉不是新货,霞多丽白,grade-star g-star1,2016-06-18 10:57,银牌会员,j***t
280,广东,来自京东Android客户端,还没喝，不知道怎么样，看包装不像正品,加本力苏维翁,grade-star g-star1,2016-06-18 10:57,银牌会员,j***t
281,广东,来自京东Android客户端,感觉一般般,幕斯卡白,grade-star g-star1,2016-06-18 10:57,银牌会员,j***t
282,广东,来自京东Android客户端,二维码竟然是烂的，这样的货也能发过来，以后不会再买了,梅洛-红,grade-star g-star1,2016-06-18 10:57,银牌会员,j***t
283,,来自京东Android客户端,木塞都没有，劝大家不要买，小心上当,加本力苏维翁,grade-star g-star1,2016-06-14 11:13,银牌会员,1***p
284,江苏,,"*买了你家这么多东西还一*号,打售后电话也不承认,抢了这么天券,等到0点都不行,*",西拉-红,grade-star g-star1,2016-04-29 10:45,金牌会员,只***尔
285,,来自京东iPhone客户端,瓶塞都没有 很难喝假货上当的感觉,梅洛-红,grade-star g-star1,2016-06-15 20:14,铜牌会员,j***i
286,,来自京东iPhone客户端,送的袋子是个露的 麻烦以后检查下再送 还不如不送 酒直接掉地上碎掉 呵呵,加本力苏维翁,grade-star g-star1,2016-06-16 08:46,银牌会员,孙***n
287,辽宁,,味道不咋样，真心不如长城的。,加本力梅洛-红,grade-star g-star1,2016-03-26 11:45,金牌会员,n***d
288,辽宁,,味道不咋样，真心不如长城的。,梅洛-红,grade-star g-star1,2016-03-26 11:45,金牌会员,n***d
289,广东,来自京东Android客户端,收到货后才发现瓶子有点脏，但是没有烂，感觉不是新货,霞多丽白,grade-star g-star1,2016-06-18 10:57,银牌会员,j***t
290,广东,来自京东Android客户端,还没喝，不知道怎么样，看包装不像正品,加本力苏维翁,grade-star g-star1,2016-06-18 10:57,银牌会员,j***t
291,广东,来自京东Android客户端,感觉一般般,幕斯卡白,grade-star g-star1,2016-06-18 10:57,银牌会员,j***t
292,广东,来自京东Android客户端,二维码竟然是烂的，这样的货也能发过来，以后不会再买了,梅洛-红,grade-star g-star1,2016-06-18 10:57,银牌会员,j***t
293,,来自京东Android客户端,木塞都没有，劝大家不要买，小心上当,加本力苏维翁,grade-star g-star1,2016-06-14 11:13,银牌会员,1***p
294,江苏,,"*买了你家这么多东西还一*号,打售后电话也不承认,抢了这么天券,等到0点都不行,*",西拉-红,grade-star g-star1,2016-04-29 10:45,金牌会员,只***尔
295,,来自京东iPhone客户端,瓶塞都没有 很难喝假货上当的感觉,梅洛-红,grade-star g-star1,2016-06-15 20:14,铜牌会员,j***i
296,,来自京东iPhone客户端,送的袋子是个露的 麻烦以后检查下再送 还不如不送 酒直接掉地上碎掉 呵呵,加本力苏维翁,grade-star g-star1,2016-06-16 08:46,银牌会员,孙***n
297,辽宁,,味道不咋样，真心不如长城的。,加本力梅洛-红,grade-star g-star1,2016-03-26 11:45,金牌会员,n***d
298,辽宁,,味道不咋样，真心不如长城的。,梅洛-红,grade-star g-star1,2016-03-26 11:45,金牌会员,n***d
299,广东,来自京东Android客户端,收到货后才发现瓶子有点脏，但是没有烂，感觉不是新货,霞多丽白,grade-star g-star1,2016-06-18 10:57,银牌会员,j***t
300,广东,来自京东Android客户端,还没喝，不知道怎么样，看包装不像正品,加本力苏维翁,grade-star g-star1,2016-06-18 10:57,银牌会员,j***t
301,广东,来自京东Android客户端,感觉一般般,幕斯卡白,grade-star g-star1,2016-06-18 10:57,银牌会员,j***t
302,广东,来自京东Android客户端,二维码竟然是烂的，这样的货也能发过来，以后不会再买了,梅洛-红,grade-star g-star1,2016-06-18 10:57,银牌会员,j***t
303,,来自京东Android客户端,木塞都没有，劝大家不要买，小心上当,加本力苏维翁,grade-star g-star1,2016-06-14 11:13,银牌会员,1***p
304,江苏,,"*买了你家这么多东西还一*号,打售后电话也不承认,抢了这么天券,等到0点都不行,*",西拉-红,grade-star g-star1,2016-04-29 10:45,金牌会员,只***尔
305,,来自京东iPhone客户端,瓶塞都没有 很难喝假货上当的感觉,梅洛-红,grade-star g-star1,2016-06-15 20:14,铜牌会员,j***i
306,,来自京东iPhone客户端,送的袋子是个露的 麻烦以后检查下再送 还不如不送 酒直接掉地上碎掉 呵呵,加本力苏维翁,grade-star g-star1,2016-06-16 08:46,银牌会员,孙***n
307,辽宁,,味道不咋样，真心不如长城的。,加本力梅洛-红,grade-star g-star1,2016-03-26 11:45,金牌会员,n***d
308,辽宁,,味道不咋样，真心不如长城的。,梅洛-红,grade-star g-star1,2016-03-26 11:45,金牌会员,n***d
309,广东,来自京东Android客户端,收到货后才发现瓶子有点脏，但是没有烂，感觉不是新货,霞多丽白,grade-star g-star1,2016-06-18 10:57,银牌会员,j***t
310,广东,来自京东Android客户端,还没喝，不知道怎么样，看包装不像正品,加本力苏维翁,grade-star g-star1,2016-06-18 10:57,银牌会员,j***t
311,广东,来自京东Android客户端,感觉一般般,幕斯卡白,grade-star g-star1,2016-06-18 10:57,银牌会员,j***t
312,广东,来自京东Android客户端,二维码竟然是烂的，这样的货也能发过来，以后不会再买了,梅洛-红,grade-star g-star1,2016-06-18 10:57,银牌会员,j***t
313,,来自京东Android客户端,木塞都没有，劝大家不要买，小心上当,加本力苏维翁,grade-star g-star1,2016-06-14 11:13,银牌会员,1***p
314,江苏,,"*买了你家这么多东西还一*号,打售后电话也不承认,抢了这么天券,等到0点都不行,*",西拉-红,grade-star g-star1,2016-04-29 10:45,金牌会员,只***尔
315,,来自京东iPhone客户端,瓶塞都没有 很难喝假货上当的感觉,梅洛-红,grade-star g-star1,2016-06-15 20:14,铜牌会员,j***i
316,,来自京东iPhone客户端,送的袋子是个露的 麻烦以后检查下再送 还不如不送 酒直接掉地上碎掉 呵呵,加本力苏维翁,grade-star g-star1,2016-06-16 08:46,银牌会员,孙***n
317,辽宁,,味道不咋样，真心不如长城的。,加本力梅洛-红,grade-star g-star1,2016-03-26 11:45,金牌会员,n***d
318,辽宁,,味道不咋样，真心不如长城的。,梅洛-红,grade-star g-star1,2016-03-26 11:45,金牌会员,n***d
319,广东,来自京东Android客户端,收到货后才发现瓶子有点脏，但是没有烂，感觉不是新货,霞多丽白,grade-star g-star1,2016-06-18 10:57,银牌会员,j***t
320,广东,来自京东Android客户端,还没喝，不知道怎么样，看包装不像正品,加本力苏维翁,grade-star g-star1,2016-06-18 10:57,银牌会员,j***t
321,广东,来自京东Android客户端,感觉一般般,幕斯卡白,grade-star g-star1,2016-06-18 10:57,银牌会员,j***t
322,广东,来自京东Android客户端,二维码竟然是烂的，这样的货也能发过来，以后不会再买了,梅洛-红,grade-star g-star1,2016-06-18 10:57,银牌会员,j***t
323,,来自京东Android客户端,木塞都没有，劝大家不要买，小心上当,加本力苏维翁,grade-star g-star1,2016-06-14 11:13,银牌会员,1***p
324,江苏,,"*买了你家这么多东西还一*号,打售后电话也不承认,抢了这么天券,等到0点都不行,*",西拉-红,grade-star g-star1,2016-04-29 10:45,金牌会员,只***尔
325,,来自京东iPhone客户端,瓶塞都没有 很难喝假货上当的感觉,梅洛-红,grade-star g-star1,2016-06-15 20:14,铜牌会员,j***i
326,,来自京东iPhone客户端,送的袋子是个露的 麻烦以后检查下再送 还不如不送 酒直接掉地上碎掉 呵呵,加本力苏维翁,grade-star g-star1,2016-06-16 08:46,银牌会员,孙***n
327,辽宁,,味道不咋样，真心不如长城的。,加本力梅洛-红,grade-star g-star1,2016-03-26 11:45,金牌会员,n***d
328,辽宁,,味道不咋样，真心不如长城的。,梅洛-红,grade-star g-star1,2016-03-26 11:45,金牌会员,n***d
329,广东,来自京东Android客户端,收到货后才发现瓶子有点脏，但是没有烂，感觉不是新货,霞多丽白,grade-star g-star1,2016-06-18 10:57,银牌会员,j***t
330,广东,来自京东Android客户端,还没喝，不知道怎么样，看包装不像正品,加本力苏维翁,grade-star g-star1,2016-06-18 10:57,银牌会员,j***t
331,广东,来自京东Android客户端,感觉一般般,幕斯卡白,grade-star g-star1,2016-06-18 10:57,银牌会员,j***t
332,广东,来自京东Android客户端,二维码竟然是烂的，这样的货也能发过来，以后不会再买了,梅洛-红,grade-star g-star1,2016-06-18 10:57,银牌会员,j***t
333,,来自京东Android客户端,木塞都没有，劝大家不要买，小心上当,加本力苏维翁,grade-star g-star1,2016-06-14 11:13,银牌会员,1***p
334,江苏,,"*买了你家这么多东西还一*号,打售后电话也不承认,抢了这么天券,等到0点都不行,*",西拉-红,grade-star g-star1,2016-04-29 10:45,金牌会员,只***尔
335,,来自京东iPhone客户端,瓶塞都没有 很难喝假货上当的感觉,梅洛-红,grade-star g-star1,2016-06-15 20:14,铜牌会员,j***i
336,,来自京东iPhone客户端,送的袋子是个露的 麻烦以后检查下再送 还不如不送 酒直接掉地上碎掉 呵呵,加本力苏维翁,grade-star g-star1,2016-06-16 08:46,银牌会员,孙***n
337,辽宁,,味道不咋样，真心不如长城的。,加本力梅洛-红,grade-star g-star1,2016-03-26 11:45,金牌会员,n***d
338,辽宁,,味道不咋样，真心不如长城的。,梅洛-红,grade-star g-star1,2016-03-26 11:45,金牌会员,n***d
339,广东,来自京东Android客户端,收到货后才发现瓶子有点脏，但是没有烂，感觉不是新货,霞多丽白,grade-star g-star1,2016-06-18 10:57,银牌会员,j***t
340,广东,来自京东Android客户端,还没喝，不知道怎么样，看包装不像正品,加本力苏维翁,grade-star g-star1,2016-06-18 10:57,银牌会员,j***t
341,广东,来自京东Android客户端,感觉一般般,幕斯卡白,grade-star g-star1,2016-06-18 10:57,银牌会员,j***t
342,广东,来自京东Android客户端,二维码竟然是烂的，这样的货也能发过来，以后不会再买了,梅洛-红,grade-star g-star1,2016-06-18 10:57,银牌会员,j***t
343,,来自京东Android客户端,木塞都没有，劝大家不要买，小心上当,加本力苏维翁,grade-star g-star1,2016-06-14 11:13,银牌会员,1***p
344,江苏,,"*买了你家这么多东西还一*号,打售后电话也不承认,抢了这么天券,等到0点都不行,*",西拉-红,grade-star g-star1,2016-04-29 10:45,金牌会员,只***尔
345,,来自京东iPhone客户端,瓶塞都没有 很难喝假货上当的感觉,梅洛-红,grade-star g-star1,2016-06-15 20:14,铜牌会员,j***i
346,,来自京东iPhone客户端,送的袋子是个露的 麻烦以后检查下再送 还不如不送 酒直接掉地上碎掉 呵呵,加本力苏维翁,grade-star g-star1,2016-06-16 08:46,银牌会员,孙***n
347,辽宁,,味道不咋样，真心不如长城的。,加本力梅洛-红,grade-star g-star1,2016-03-26 11:45,金牌会员,n***d
348,辽宁,,味道不咋样，真心不如长城的。,梅洛-红,grade-star g-star1,2016-03-26 11:45,金牌会员,n***d
349,广东,来自京东Android客户端,收到货后才发现瓶子有点脏，但是没有烂，感觉不是新货,霞多丽白,grade-star g-star1,2016-06-18 10:57,银牌会员,j***t
350,广东,来自京东Android客户端,还没喝，不知道怎么样，看包装不像正品,加本力苏维翁,grade-star g-star1,2016-06-18 10:57,银牌会员,j***t
351,广东,来自京东Android客户端,感觉一般般,幕斯卡白,grade-star g-star1,2016-06-18 10:57,银牌会员,j***t
352,广东,来自京东Android客户端,二维码竟然是烂的，这样的货也能发过来，以后不会再买了,梅洛-红,grade-star g-star1,2016-06-18 10:57,银牌会员,j***t
353,,来自京东Android客户端,木塞都没有，劝大家不要买，小心上当,加本力苏维翁,grade-star g-star1,2016-06-14 11:13,银牌会员,1***p
354,江苏,,"*买了你家这么多东西还一*号,打售后电话也不承认,抢了这么天券,等到0点都不行,*",西拉-红,grade-star g-star1,2016-04-29 10:45,金牌会员,只***尔
355,,来自京东iPhone客户端,瓶塞都没有 很难喝假货上当的感觉,梅洛-红,grade-star g-star1,2016-06-15 20:14,铜牌会员,j***i
356,,来自京东iPhone客户端,送的袋子是个露的 麻烦以后检查下再送 还不如不送 酒直接掉地上碎掉 呵呵,加本力苏维翁,grade-star g-star1,2016-06-16 08:46,银牌会员,孙***n
357,辽宁,,味道不咋样，真心不如长城的。,加本力梅洛-红,grade-star g-star1,2016-03-26 11:45,金牌会员,n***d
358,辽宁,,味道不咋样，真心不如长城的。,梅洛-红,grade-star g-star1,2016-03-26 11:45,金牌会员,n***d
359,广东,来自京东Android客户端,收到货后才发现瓶子有点脏，但是没有烂，感觉不是新货,霞多丽白,grade-star g-star1,2016-06-18 10:57,银牌会员,j***t
360,广东,来自京东Android客户端,还没喝，不知道怎么样，看包装不像正品,加本力苏维翁,grade-star g-star1,2016-06-18 10:57,银牌会员,j***t
361,广东,来自京东Android客户端,感觉一般般,幕斯卡白,grade-star g-star1,2016-06-18 10:57,银牌会员,j***t
362,广东,来自京东Android客户端,二维码竟然是烂的，这样的货也能发过来，以后不会再买了,梅洛-红,grade-star g-star1,2016-06-18 10:57,银牌会员,j***t
363,,来自京东Android客户端,木塞都没有，劝大家不要买，小心上当,加本力苏维翁,grade-star g-star1,2016-06-14 11:13,银牌会员,1***p
364,江苏,,"*买了你家这么多东西还一*号,打售后电话也不承认,抢了这么天券,等到0点都不行,*",西拉-红,grade-star g-star1,2016-04-29 10:45,金牌会员,只***尔
365,,来自京东iPhone客户端,瓶塞都没有 很难喝假货上当的感觉,梅洛-红,grade-star g-star1,2016-06-15 20:14,铜牌会员,j***i
366,,来自京东iPhone客户端,送的袋子是个露的 麻烦以后检查下再送 还不如不送 酒直接掉地上碎掉 呵呵,加本力苏维翁,grade-star g-star1,2016-06-16 08:46,银牌会员,孙***n
367,辽宁,,味道不咋样，真心不如长城的。,加本力梅洛-红,grade-star g-star1,2016-03-26 11:45,金牌会员,n***d
368,辽宁,,味道不咋样，真心不如长城的。,梅洛-红,grade-star g-star1,2016-03-26 11:45,金牌会员,n***d
369,广东,来自京东Android客户端,收到货后才发现瓶子有点脏，但是没有烂，感觉不是新货,霞多丽白,grade-star g-star1,2016-06-18 10:57,银牌会员,j***t
370,广东,来自京东Android客户端,还没喝，不知道怎么样，看包装不像正品,加本力苏维翁,grade-star g-star1,2016-06-18 10:57,银牌会员,j***t
371,广东,来自京东Android客户端,感觉一般般,幕斯卡白,grade-star g-star1,2016-06-18 10:57,银牌会员,j***t
372,广东,来自京东Android客户端,二维码竟然是烂的，这样的货也能发过来，以后不会再买了,梅洛-红,grade-star g-star1,2016-06-18 10:57,银牌会员,j***t
373,,来自京东Android客户端,木塞都没有，劝大家不要买，小心上当,加本力苏维翁,grade-star g-star1,2016-06-14 11:13,银牌会员,1***p
374,江苏,,"*买了你家这么多东西还一*号,打售后电话也不承认,抢了这么天券,等到0点都不行,*",西拉-红,grade-star g-star1,2016-04-29 10:45,金牌会员,只***尔
375,,来自京东iPhone客户端,瓶塞都没有 很难喝假货上当的感觉,梅洛-红,grade-star g-star1,2016-06-15 20:14,铜牌会员,j***i
376,,来自京东iPhone客户端,送的袋子是个露的 麻烦以后检查下再送 还不如不送 酒直接掉地上碎掉 呵呵,加本力苏维翁,grade-star g-star1,2016-06-16 08:46,银牌会员,孙***n
377,辽宁,,味道不咋样，真心不如长城的。,加本力梅洛-红,grade-star g-star1,2016-03-26 11:45,金牌会员,n***d
378,辽宁,,味道不咋样，真心不如长城的。,梅洛-红,grade-star g-star1,2016-03-26 11:45,金牌会员,n***d
379,广东,来自京东Android客户端,收到货后才发现瓶子有点脏，但是没有烂，感觉不是新货,霞多丽白,grade-star g-star1,2016-06-18 10:57,银牌会员,j***t
380,广东,来自京东Android客户端,还没喝，不知道怎么样，看包装不像正品,加本力苏维翁,grade-star g-star1,2016-06-18 10:57,银牌会员,j***t
381,广东,来自京东Android客户端,感觉一般般,幕斯卡白,grade-star g-star1,2016-06-18 10:57,银牌会员,j***t
382,广东,来自京东Android客户端,二维码竟然是烂的，这样的货也能发过来，以后不会再买了,梅洛-红,grade-star g-star1,2016-06-18 10:57,银牌会员,j***t
383,,来自京东Android客户端,木塞都没有，劝大家不要买，小心上当,加本力苏维翁,grade-star g-star1,2016-06-14 11:13,银牌会员,1***p
384,江苏,,"*买了你家这么多东西还一*号,打售后电话也不承认,抢了这么天券,等到0点都不行,*",西拉-红,grade-star g-star1,2016-04-29 10:45,金牌会员,只***尔
385,,来自京东iPhone客户端,瓶塞都没有 很难喝假货上当的感觉,梅洛-红,grade-star g-star1,2016-06-15 20:14,铜牌会员,j***i
386,,来自京东iPhone客户端,送的袋子是个露的 麻烦以后检查下再送 还不如不送 酒直接掉地上碎掉 呵呵,加本力苏维翁,grade-star g-star1,2016-06-16 08:46,银牌会员,孙***n
387,辽宁,,味道不咋样，真心不如长城的。,加本力梅洛-红,grade-star g-star1,2016-03-26 11:45,金牌会员,n***d
388,辽宁,,味道不咋样，真心不如长城的。,梅洛-红,grade-star g-star1,2016-03-26 11:45,金牌会员,n***d
389,广东,来自京东Android客户端,收到货后才发现瓶子有点脏，但是没有烂，感觉不是新货,霞多丽白,grade-star g-star1,2016-06-18 10:57,银牌会员,j***t
390,广东,来自京东Android客户端,还没喝，不知道怎么样，看包装不像正品,加本力苏维翁,grade-star g-star1,2016-06-18 10:57,银牌会员,j***t
391,广东,来自京东Android客户端,感觉一般般,幕斯卡白,grade-star g-star1,2016-06-18 10:57,银牌会员,j***t
392,广东,来自京东Android客户端,二维码竟然是烂的，这样的货也能发过来，以后不会再买了,梅洛-红,grade-star g-star1,2016-06-18 10:57,银牌会员,j***t
393,,来自京东Android客户端,木塞都没有，劝大家不要买，小心上当,加本力苏维翁,grade-star g-star1,2016-06-14 11:13,银牌会员,1***p
394,江苏,,"*买了你家这么多东西还一*号,打售后电话也不承认,抢了这么天券,等到0点都不行,*",西拉-红,grade-star g-star1,2016-04-29 10:45,金牌会员,只***尔
395,,来自京东iPhone客户端,瓶塞都没有 很难喝假货上当的感觉,梅洛-红,grade-star g-star1,2016-06-15 20:14,铜牌会员,j***i
396,,来自京东iPhone客户端,送的袋子是个露的 麻烦以后检查下再送 还不如不送 酒直接掉地上碎掉 呵呵,加本力苏维翁,grade-star g-star1,2016-06-16 08:46,银牌会员,孙***n
397,辽宁,,味道不咋样，真心不如长城的。,加本力梅洛-红,grade-star g-star1,2016-03-26 11:45,金牌会员,n***d
398,辽宁,,味道不咋样，真心不如长城的。,梅洛-红,grade-star g-star1,2016-03-26 11:45,金牌会员,n***d
399,广东,来自京东Android客户端,收到货后才发现瓶子有点脏，但是没有烂，感觉不是新货,霞多丽白,grade-star g-star1,2016-06-18 10:57,银牌会员,j***t
400,广东,来自京东Android客户端,还没喝，不知道怎么样，看包装不像正品,加本力苏维翁,grade-star g-star1,2016-06-18 10:57,银牌会员,j***t
401,广东,来自京东Android客户端,感觉一般般,幕斯卡白,grade-star g-star1,2016-06-18 10:57,银牌会员,j***t
402,广东,来自京东Android客户端,二维码竟然是烂的，这样的货也能发过来，以后不会再买了,梅洛-红,grade-star g-star1,2016-06-18 10:57,银牌会员,j***t
403,,来自京东Android客户端,木塞都没有，劝大家不要买，小心上当,加本力苏维翁,grade-star g-star1,2016-06-14 11:13,银牌会员,1***p
404,江苏,,"*买了你家这么多东西还一*号,打售后电话也不承认,抢了这么天券,等到0点都不行,*",西拉-红,grade-star g-star1,2016-04-29 10:45,金牌会员,只***尔
405,,来自京东iPhone客户端,瓶塞都没有 很难喝假货上当的感觉,梅洛-红,grade-star g-star1,2016-06-15 20:14,铜牌会员,j***i
406,,来自京东iPhone客户端,送的袋子是个露的 麻烦以后检查下再送 还不如不送 酒直接掉地上碎掉 呵呵,加本力苏维翁,grade-star g-star1,2016-06-16 08:46,银牌会员,孙***n
407,辽宁,,味道不咋样，真心不如长城的。,加本力梅洛-红,grade-star g-star1,2016-03-26 11:45,金牌会员,n***d
408,辽宁,,味道不咋样，真心不如长城的。,梅洛-红,grade-star g-star1,2016-03-26 11:45,金牌会员,n***d
409,广东,来自京东Android客户端,收到货后才发现瓶子有点脏，但是没有烂，感觉不是新货,霞多丽白,grade-star g-star1,2016-06-18 10:57,银牌会员,j***t
410,广东,来自京东Android客户端,还没喝，不知道怎么样，看包装不像正品,加本力苏维翁,grade-star g-star1,2016-06-18 10:57,银牌会员,j***t
411,广东,来自京东Android客户端,感觉一般般,幕斯卡白,grade-star g-star1,2016-06-18 10:57,银牌会员,j***t
412,广东,来自京东Android客户端,二维码竟然是烂的，这样的货也能发过来，以后不会再买了,梅洛-红,grade-star g-star1,2016-06-18 10:57,银牌会员,j***t
413,,来自京东Android客户端,木塞都没有，劝大家不要买，小心上当,加本力苏维翁,grade-star g-star1,2016-06-14 11:13,银牌会员,1***p
414,江苏,,"*买了你家这么多东西还一*号,打售后电话也不承认,抢了这么天券,等到0点都不行,*",西拉-红,grade-star g-star1,2016-04-29 10:45,金牌会员,只***尔
415,,来自京东iPhone客户端,瓶塞都没有 很难喝假货上当的感觉,梅洛-红,grade-star g-star1,2016-06-15 20:14,铜牌会员,j***i
416,,来自京东iPhone客户端,送的袋子是个露的 麻烦以后检查下再送 还不如不送 酒直接掉地上碎掉 呵呵,加本力苏维翁,grade-star g-star1,2016-06-16 08:46,银牌会员,孙***n
417,辽宁,,味道不咋样，真心不如长城的。,加本力梅洛-红,grade-star g-star1,2016-03-26 11:45,金牌会员,n***d
418,辽宁,,味道不咋样，真心不如长城的。,梅洛-红,grade-star g-star1,2016-03-26 11:45,金牌会员,n***d
419,广东,来自京东Android客户端,收到货后才发现瓶子有点脏，但是没有烂，感觉不是新货,霞多丽白,grade-star g-star1,2016-06-18 10:57,银牌会员,j***t
420,广东,来自京东Android客户端,还没喝，不知道怎么样，看包装不像正品,加本力苏维翁,grade-star g-star1,2016-06-18 10:57,银牌会员,j***t
421,广东,来自京东Android客户端,感觉一般般,幕斯卡白,grade-star g-star1,2016-06-18 10:57,银牌会员,j***t
422,广东,来自京东Android客户端,二维码竟然是烂的，这样的货也能发过来，以后不会再买了,梅洛-红,grade-star g-star1,2016-06-18 10:57,银牌会员,j***t
423,,来自京东Android客户端,木塞都没有，劝大家不要买，小心上当,加本力苏维翁,grade-star g-star1,2016-06-14 11:13,银牌会员,1***p
424,江苏,,"*买了你家这么多东西还一*号,打售后电话也不承认,抢了这么天券,等到0点都不行,*",西拉-红,grade-star g-star1,2016-04-29 10:45,金牌会员,只***尔
425,,来自京东iPhone客户端,瓶塞都没有 很难喝假货上当的感觉,梅洛-红,grade-star g-star1,2016-06-15 20:14,铜牌会员,j***i
426,,来自京东iPhone客户端,送的袋子是个露的 麻烦以后检查下再送 还不如不送 酒直接掉地上碎掉 呵呵,加本力苏维翁,grade-star g-star1,2016-06-16 08:46,银牌会员,孙***n
427,辽宁,,味道不咋样，真心不如长城的。,加本力梅洛-红,grade-star g-star1,2016-03-26 11:45,金牌会员,n***d
428,辽宁,,味道不咋样，真心不如长城的。,梅洛-红,grade-star g-star1,2016-03-26 11:45,金牌会员,n***d
429,广东,来自京东Android客户端,收到货后才发现瓶子有点脏，但是没有烂，感觉不是新货,霞多丽白,grade-star g-star1,2016-06-18 10:57,银牌会员,j***t
430,广东,来自京东Android客户端,还没喝，不知道怎么样，看包装不像正品,加本力苏维翁,grade-star g-star1,2016-06-18 10:57,银牌会员,j***t
431,广东,来自京东Android客户端,感觉一般般,幕斯卡白,grade-star g-star1,2016-06-18 10:57,银牌会员,j***t
432,广东,来自京东Android客户端,二维码竟然是烂的，这样的货也能发过来，以后不会再买了,梅洛-红,grade-star g-star1,2016-06-18 10:57,银牌会员,j***t
433,,来自京东Android客户端,木塞都没有，劝大家不要买，小心上当,加本力苏维翁,grade-star g-star1,2016-06-14 11:13,银牌会员,1***p
434,江苏,,"*买了你家这么多东西还一*号,打售后电话也不承认,抢了这么天券,等到0点都不行,*",西拉-红,grade-star g-star1,2016-04-29 10:45,金牌会员,只***尔
435,,来自京东iPhone客户端,瓶塞都没有 很难喝假货上当的感觉,梅洛-红,grade-star g-star1,2016-06-15 20:14,铜牌会员,j***i
436,,来自京东iPhone客户端,送的袋子是个露的 麻烦以后检查下再送 还不如不送 酒直接掉地上碎掉 呵呵,加本力苏维翁,grade-star g-star1,2016-06-16 08:46,银牌会员,孙***n
437,辽宁,,味道不咋样，真心不如长城的。,加本力梅洛-红,grade-star g-star1,2016-03-26 11:45,金牌会员,n***d
438,辽宁,,味道不咋样，真心不如长城的。,梅洛-红,grade-star g-star1,2016-03-26 11:45,金牌会员,n***d
439,广东,来自京东Android客户端,收到货后才发现瓶子有点脏，但是没有烂，感觉不是新货,霞多丽白,grade-star g-star1,2016-06-18 10:57,银牌会员,j***t
440,广东,来自京东Android客户端,还没喝，不知道怎么样，看包装不像正品,加本力苏维翁,grade-star g-star1,2016-06-18 10:57,银牌会员,j***t
441,广东,来自京东Android客户端,感觉一般般,幕斯卡白,grade-star g-star1,2016-06-18 10:57,银牌会员,j***t
442,广东,来自京东Android客户端,二维码竟然是烂的，这样的货也能发过来，以后不会再买了,梅洛-红,grade-star g-star1,2016-06-18 10:57,银牌会员,j***t
443,,来自京东Android客户端,木塞都没有，劝大家不要买，小心上当,加本力苏维翁,grade-star g-star1,2016-06-14 11:13,银牌会员,1***p
444,江苏,,"*买了你家这么多东西还一*号,打售后电话也不承认,抢了这么天券,等到0点都不行,*",西拉-红,grade-star g-star1,2016-04-29 10:45,金牌会员,只***尔
445,,来自京东iPhone客户端,瓶塞都没有 很难喝假货上当的感觉,梅洛-红,grade-star g-star1,2016-06-15 20:14,铜牌会员,j***i
446,,来自京东iPhone客户端,送的袋子是个露的 麻烦以后检查下再送 还不如不送 酒直接掉地上碎掉 呵呵,加本力苏维翁,grade-star g-star1,2016-06-16 08:46,银牌会员,孙***n
447,辽宁,,味道不咋样，真心不如长城的。,加本力梅洛-红,grade-star g-star1,2016-03-26 11:45,金牌会员,n***d
448,辽宁,,味道不咋样，真心不如长城的。,梅洛-红,grade-star g-star1,2016-03-26 11:45,金牌会员,n***d
449,广东,来自京东Android客户端,收到货后才发现瓶子有点脏，但是没有烂，感觉不是新货,霞多丽白,grade-star g-star1,2016-06-18 10:57,银牌会员,j***t
450,广东,来自京东Android客户端,还没喝，不知道怎么样，看包装不像正品,加本力苏维翁,grade-star g-star1,2016-06-18 10:57,银牌会员,j***t
451,广东,来自京东Android客户端,感觉一般般,幕斯卡白,grade-star g-star1,2016-06-18 10:57,银牌会员,j***t
452,广东,来自京东Android客户端,二维码竟然是烂的，这样的货也能发过来，以后不会再买了,梅洛-红,grade-star g-star1,2016-06-18 10:57,银牌会员,j***t
453,,来自京东Android客户端,木塞都没有，劝大家不要买，小心上当,加本力苏维翁,grade-star g-star1,2016-06-14 11:13,银牌会员,1***p
454,江苏,,"*买了你家这么多东西还一*号,打售后电话也不承认,抢了这么天券,等到0点都不行,*",西拉-红,grade-star g-star1,2016-04-29 10:45,金牌会员,只***尔
455,,来自京东iPhone客户端,瓶塞都没有 很难喝假货上当的感觉,梅洛-红,grade-star g-star1,2016-06-15 20:14,铜牌会员,j***i
456,,来自京东iPhone客户端,送的袋子是个露的 麻烦以后检查下再送 还不如不送 酒直接掉地上碎掉 呵呵,加本力苏维翁,grade-star g-star1,2016-06-16 08:46,银牌会员,孙***n
457,辽宁,,味道不咋样，真心不如长城的。,加本力梅洛-红,grade-star g-star1,2016-03-26 11:45,金牌会员,n***d
458,辽宁,,味道不咋样，真心不如长城的。,梅洛-红,grade-star g-star1,2016-03-26 11:45,金牌会员,n***d
459,广东,来自京东Android客户端,收到货后才发现瓶子有点脏，但是没有烂，感觉不是新货,霞多丽白,grade-star g-star1,2016-06-18 10:57,银牌会员,j***t
460,广东,来自京东Android客户端,还没喝，不知道怎么样，看包装不像正品,加本力苏维翁,grade-star g-star1,2016-06-18 10:57,银牌会员,j***t
461,广东,来自京东Android客户端,感觉一般般,幕斯卡白,grade-star g-star1,2016-06-18 10:57,银牌会员,j***t
462,广东,来自京东Android客户端,二维码竟然是烂的，这样的货也能发过来，以后不会再买了,梅洛-红,grade-star g-star1,2016-06-18 10:57,银牌会员,j***t
463,,来自京东Android客户端,木塞都没有，劝大家不要买，小心上当,加本力苏维翁,grade-star g-star1,2016-06-14 11:13,银牌会员,1***p
464,江苏,,"*买了你家这么多东西还一*号,打售后电话也不承认,抢了这么天券,等到0点都不行,*",西拉-红,grade-star g-star1,2016-04-29 10:45,金牌会员,只***尔
465,,来自京东iPhone客户端,瓶塞都没有 很难喝假货上当的感觉,梅洛-红,grade-star g-star1,2016-06-15 20:14,铜牌会员,j***i
466,,来自京东iPhone客户端,送的袋子是个露的 麻烦以后检查下再送 还不如不送 酒直接掉地上碎掉 呵呵,加本力苏维翁,grade-star g-star1,2016-06-16 08:46,银牌会员,孙***n
467,辽宁,,味道不咋样，真心不如长城的。,加本力梅洛-红,grade-star g-star1,2016-03-26 11:45,金牌会员,n***d
468,辽宁,,味道不咋样，真心不如长城的。,梅洛-红,grade-star g-star1,2016-03-26 11:45,金牌会员,n***d
469,广东,来自京东Android客户端,收到货后才发现瓶子有点脏，但是没有烂，感觉不是新货,霞多丽白,grade-star g-star1,2016-06-18 10:57,银牌会员,j***t
470,广东,来自京东Android客户端,还没喝，不知道怎么样，看包装不像正品,加本力苏维翁,grade-star g-star1,2016-06-18 10:57,银牌会员,j***t
471,广东,来自京东Android客户端,感觉一般般,幕斯卡白,grade-star g-star1,2016-06-18 10:57,银牌会员,j***t
472,广东,来自京东Android客户端,二维码竟然是烂的，这样的货也能发过来，以后不会再买了,梅洛-红,grade-star g-star1,2016-06-18 10:57,银牌会员,j***t
473,,来自京东Android客户端,木塞都没有，劝大家不要买，小心上当,加本力苏维翁,grade-star g-star1,2016-06-14 11:13,银牌会员,1***p
474,江苏,,"*买了你家这么多东西还一*号,打售后电话也不承认,抢了这么天券,等到0点都不行,*",西拉-红,grade-star g-star1,2016-04-29 10:45,金牌会员,只***尔
475,,来自京东iPhone客户端,瓶塞都没有 很难喝假货上当的感觉,梅洛-红,grade-star g-star1,2016-06-15 20:14,铜牌会员,j***i
476,,来自京东iPhone客户端,送的袋子是个露的 麻烦以后检查下再送 还不如不送 酒直接掉地上碎掉 呵呵,加本力苏维翁,grade-star g-star1,2016-06-16 08:46,银牌会员,孙***n
477,辽宁,,味道不咋样，真心不如长城的。,加本力梅洛-红,grade-star g-star1,2016-03-26 11:45,金牌会员,n***d
478,辽宁,,味道不咋样，真心不如长城的。,梅洛-红,grade-star g-star1,2016-03-26 11:45,金牌会员,n***d
479,广东,来自京东Android客户端,收到货后才发现瓶子有点脏，但是没有烂，感觉不是新货,霞多丽白,grade-star g-star1,2016-06-18 10:57,银牌会员,j***t
480,广东,来自京东Android客户端,还没喝，不知道怎么样，看包装不像正品,加本力苏维翁,grade-star g-star1,2016-06-18 10:57,银牌会员,j***t
481,广东,来自京东Android客户端,感觉一般般,幕斯卡白,grade-star g-star1,2016-06-18 10:57,银牌会员,j***t
482,广东,来自京东Android客户端,二维码竟然是烂的，这样的货也能发过来，以后不会再买了,梅洛-红,grade-star g-star1,2016-06-18 10:57,银牌会员,j***t
483,,来自京东Android客户端,木塞都没有，劝大家不要买，小心上当,加本力苏维翁,grade-star g-star1,2016-06-14 11:13,银牌会员,1***p
484,江苏,,"*买了你家这么多东西还一*号,打售后电话也不承认,抢了这么天券,等到0点都不行,*",西拉-红,grade-star g-star1,2016-04-29 10:45,金牌会员,只***尔
485,,来自京东iPhone客户端,瓶塞都没有 很难喝假货上当的感觉,梅洛-红,grade-star g-star1,2016-06-15 20:14,铜牌会员,j***i
486,,来自京东iPhone客户端,送的袋子是个露的 麻烦以后检查下再送 还不如不送 酒直接掉地上碎掉 呵呵,加本力苏维翁,grade-star g-star1,2016-06-16 08:46,银牌会员,孙***n
487,辽宁,,味道不咋样，真心不如长城的。,加本力梅洛-红,grade-star g-star1,2016-03-26 11:45,金牌会员,n***d
488,辽宁,,味道不咋样，真心不如长城的。,梅洛-红,grade-star g-star1,2016-03-26 11:45,金牌会员,n***d
489,广东,来自京东Android客户端,收到货后才发现瓶子有点脏，但是没有烂，感觉不是新货,霞多丽白,grade-star g-star1,2016-06-18 10:57,银牌会员,j***t
490,广东,来自京东Android客户端,还没喝，不知道怎么样，看包装不像正品,加本力苏维翁,grade-star g-star1,2016-06-18 10:57,银牌会员,j***t
491,广东,来自京东Android客户端,感觉一般般,幕斯卡白,grade-star g-star1,2016-06-18 10:57,银牌会员,j***t
492,广东,来自京东Android客户端,二维码竟然是烂的，这样的货也能发过来，以后不会再买了,梅洛-红,grade-star g-star1,2016-06-18 10:57,银牌会员,j***t
493,,来自京东Android客户端,木塞都没有，劝大家不要买，小心上当,加本力苏维翁,grade-star g-star1,2016-06-14 11:13,银牌会员,1***p
494,江苏,,"*买了你家这么多东西还一*号,打售后电话也不承认,抢了这么天券,等到0点都不行,*",西拉-红,grade-star g-star1,2016-04-29 10:45,金牌会员,只***尔
495,,来自京东iPhone客户端,瓶塞都没有 很难喝假货上当的感觉,梅洛-红,grade-star g-star1,2016-06-15 20:14,铜牌会员,j***i
496,,来自京东iPhone客户端,送的袋子是个露的 麻烦以后检查下再送 还不如不送 酒直接掉地上碎掉 呵呵,加本力苏维翁,grade-star g-star1,2016-06-16 08:46,银牌会员,孙***n
497,辽宁,,味道不咋样，真心不如长城的。,加本力梅洛-红,grade-star g-star1,2016-03-26 11:45,金牌会员,n***d
498,辽宁,,味道不咋样，真心不如长城的。,梅洛-红,grade-star g-star1,2016-03-26 11:45,金牌会员,n***d
499,广东,来自京东Android客户端,收到货后才发现瓶子有点脏，但是没有烂，感觉不是新货,霞多丽白,grade-star g-star1,2016-06-18 10:57,银牌会员,j***t
500,广东,来自京东Android客户端,还没喝，不知道怎么样，看包装不像正品,加本力苏维翁,grade-star g-star1,2016-06-18 10:57,银牌会员,j***t
501,广东,来自京东Android客户端,感觉一般般,幕斯卡白,grade-star g-star1,2016-06-18 10:57,银牌会员,j***t
502,广东,来自京东Android客户端,二维码竟然是烂的，这样的货也能发过来，以后不会再买了,梅洛-红,grade-star g-star1,2016-06-18 10:57,银牌会员,j***t
503,,来自京东Android客户端,木塞都没有，劝大家不要买，小心上当,加本力苏维翁,grade-star g-star1,2016-06-14 11:13,银牌会员,1***p
504,江苏,,"*买了你家这么多东西还一*号,打售后电话也不承认,抢了这么天券,等到0点都不行,*",西拉-红,grade-star g-star1,2016-04-29 10:45,金牌会员,只***尔
505,,来自京东iPhone客户端,瓶塞都没有 很难喝假货上当的感觉,梅洛-红,grade-star g-star1,2016-06-15 20:14,铜牌会员,j***i
506,,来自京东iPhone客户端,送的袋子是个露的 麻烦以后检查下再送 还不如不送 酒直接掉地上碎掉 呵呵,加本力苏维翁,grade-star g-star1,2016-06-16 08:46,银牌会员,孙***n
507,辽宁,,味道不咋样，真心不如长城的。,加本力梅洛-红,grade-star g-star1,2016-03-26 11:45,金牌会员,n***d
508,辽宁,,味道不咋样，真心不如长城的。,梅洛-红,grade-star g-star1,2016-03-26 11:45,金牌会员,n***d
509,广东,来自京东Android客户端,收到货后才发现瓶子有点脏，但是没有烂，感觉不是新货,霞多丽白,grade-star g-star1,2016-06-18 10:57,银牌会员,j***t
510,广东,来自京东Android客户端,还没喝，不知道怎么样，看包装不像正品,加本力苏维翁,grade-star g-star1,2016-06-18 10:57,银牌会员,j***t
511,广东,来自京东Android客户端,感觉一般般,幕斯卡白,grade-star g-star1,2016-06-18 10:57,银牌会员,j***t
512,广东,来自京东Android客户端,二维码竟然是烂的，这样的货也能发过来，以后不会再买了,梅洛-红,grade-star g-star1,2016-06-18 10:57,银牌会员,j***t
513,,来自京东Android客户端,木塞都没有，劝大家不要买，小心上当,加本力苏维翁,grade-star g-star1,2016-06-14 11:13,银牌会员,1***p
514,江苏,,"*买了你家这么多东西还一*号,打售后电话也不承认,抢了这么天券,等到0点都不行,*",西拉-红,grade-star g-star1,2016-04-29 10:45,金牌会员,只***尔
515,,来自京东iPhone客户端,瓶塞都没有 很难喝假货上当的感觉,梅洛-红,grade-star g-star1,2016-06-15 20:14,铜牌会员,j***i
516,,来自京东iPhone客户端,送的袋子是个露的 麻烦以后检查下再送 还不如不送 酒直接掉地上碎掉 呵呵,加本力苏维翁,grade-star g-star1,2016-06-16 08:46,银牌会员,孙***n
517,辽宁,,味道不咋样，真心不如长城的。,加本力梅洛-红,grade-star g-star1,2016-03-26 11:45,金牌会员,n***d
518,辽宁,,味道不咋样，真心不如长城的。,梅洛-红,grade-star g-star1,2016-03-26 11:45,金牌会员,n***d
519,广东,来自京东Android客户端,收到货后才发现瓶子有点脏，但是没有烂，感觉不是新货,霞多丽白,grade-star g-star1,2016-06-18 10:57,银牌会员,j***t
520,广东,来自京东Android客户端,还没喝，不知道怎么样，看包装不像正品,加本力苏维翁,grade-star g-star1,2016-06-18 10:57,银牌会员,j***t
521,广东,来自京东Android客户端,感觉一般般,幕斯卡白,grade-star g-star1,2016-06-18 10:57,银牌会员,j***t
522,广东,来自京东Android客户端,二维码竟然是烂的，这样的货也能发过来，以后不会再买了,梅洛-红,grade-star g-star1,2016-06-18 10:57,银牌会员,j***t
523,,来自京东Android客户端,木塞都没有，劝大家不要买，小心上当,加本力苏维翁,grade-star g-star1,2016-06-14 11:13,银牌会员,1***p
524,江苏,,"*买了你家这么多东西还一*号,打售后电话也不承认,抢了这么天券,等到0点都不行,*",西拉-红,grade-star g-star1,2016-04-29 10:45,金牌会员,只***尔
525,,来自京东iPhone客户端,瓶塞都没有 很难喝假货上当的感觉,梅洛-红,grade-star g-star1,2016-06-15 20:14,铜牌会员,j***i
526,,来自京东iPhone客户端,送的袋子是个露的 麻烦以后检查下再送 还不如不送 酒直接掉地上碎掉 呵呵,加本力苏维翁,grade-star g-star1,2016-06-16 08:46,银牌会员,孙***n
527,辽宁,,味道不咋样，真心不如长城的。,加本力梅洛-红,grade-star g-star1,2016-03-26 11:45,金牌会员,n***d
528,辽宁,,味道不咋样，真心不如长城的。,梅洛-红,grade-star g-star1,2016-03-26 11:45,金牌会员,n***d
529,广东,来自京东Android客户端,收到货后才发现瓶子有点脏，但是没有烂，感觉不是新货,霞多丽白,grade-star g-star1,2016-06-18 10:57,银牌会员,j***t
530,广东,来自京东Android客户端,还没喝，不知道怎么样，看包装不像正品,加本力苏维翁,grade-star g-star1,2016-06-18 10:57,银牌会员,j***t
531,广东,来自京东Android客户端,感觉一般般,幕斯卡白,grade-star g-star1,2016-06-18 10:57,银牌会员,j***t
532,广东,来自京东Android客户端,二维码竟然是烂的，这样的货也能发过来，以后不会再买了,梅洛-红,grade-star g-star1,2016-06-18 10:57,银牌会员,j***t
533,,来自京东Android客户端,木塞都没有，劝大家不要买，小心上当,加本力苏维翁,grade-star g-star1,2016-06-14 11:13,银牌会员,1***p
534,江苏,,"*买了你家这么多东西还一*号,打售后电话也不承认,抢了这么天券,等到0点都不行,*",西拉-红,grade-star g-star1,2016-04-29 10:45,金牌会员,只***尔
535,,来自京东iPhone客户端,瓶塞都没有 很难喝假货上当的感觉,梅洛-红,grade-star g-star1,2016-06-15 20:14,铜牌会员,j***i
536,,来自京东iPhone客户端,送的袋子是个露的 麻烦以后检查下再送 还不如不送 酒直接掉地上碎掉 呵呵,加本力苏维翁,grade-star g-star1,2016-06-16 08:46,银牌会员,孙***n
537,辽宁,,味道不咋样，真心不如长城的。,加本力梅洛-红,grade-star g-star1,2016-03-26 11:45,金牌会员,n***d
538,辽宁,,味道不咋样，真心不如长城的。,梅洛-红,grade-star g-star1,2016-03-26 11:45,金牌会员,n***d
539,广东,来自京东Android客户端,收到货后才发现瓶子有点脏，但是没有烂，感觉不是新货,霞多丽白,grade-star g-star1,2016-06-18 10:57,银牌会员,j***t
540,广东,来自京东Android客户端,还没喝，不知道怎么样，看包装不像正品,加本力苏维翁,grade-star g-star1,2016-06-18 10:57,银牌会员,j***t
541,广东,来自京东Android客户端,感觉一般般,幕斯卡白,grade-star g-star1,2016-06-18 10:57,银牌会员,j***t
542,广东,来自京东Android客户端,二维码竟然是烂的，这样的货也能发过来，以后不会再买了,梅洛-红,grade-star g-star1,2016-06-18 10:57,银牌会员,j***t
543,,来自京东Android客户端,木塞都没有，劝大家不要买，小心上当,加本力苏维翁,grade-star g-star1,2016-06-14 11:13,银牌会员,1***p
544,江苏,,"*买了你家这么多东西还一*号,打售后电话也不承认,抢了这么天券,等到0点都不行,*",西拉-红,grade-star g-star1,2016-04-29 10:45,金牌会员,只***尔
545,,来自京东iPhone客户端,瓶塞都没有 很难喝假货上当的感觉,梅洛-红,grade-star g-star1,2016-06-15 20:14,铜牌会员,j***i
546,,来自京东iPhone客户端,送的袋子是个露的 麻烦以后检查下再送 还不如不送 酒直接掉地上碎掉 呵呵,加本力苏维翁,grade-star g-star1,2016-06-16 08:46,银牌会员,孙***n
547,辽宁,,味道不咋样，真心不如长城的。,加本力梅洛-红,grade-star g-star1,2016-03-26 11:45,金牌会员,n***d
548,辽宁,,味道不咋样，真心不如长城的。,梅洛-红,grade-star g-star1,2016-03-26 11:45,金牌会员,n***d
549,广东,来自京东Android客户端,收到货后才发现瓶子有点脏，但是没有烂，感觉不是新货,霞多丽白,grade-star g-star1,2016-06-18 10:57,银牌会员,j***t
550,广东,来自京东Android客户端,还没喝，不知道怎么样，看包装不像正品,加本力苏维翁,grade-star g-star1,2016-06-18 10:57,银牌会员,j***t
551,广东,来自京东Android客户端,感觉一般般,幕斯卡白,grade-star g-star1,2016-06-18 10:57,银牌会员,j***t
552,广东,来自京东Android客户端,二维码竟然是烂的，这样的货也能发过来，以后不会再买了,梅洛-红,grade-star g-star1,2016-06-18 10:57,银牌会员,j***t
553,,来自京东Android客户端,木塞都没有，劝大家不要买，小心上当,加本力苏维翁,grade-star g-star1,2016-06-14 11:13,银牌会员,1***p
554,江苏,,"*买了你家这么多东西还一*号,打售后电话也不承认,抢了这么天券,等到0点都不行,*",西拉-红,grade-star g-star1,2016-04-29 10:45,金牌会员,只***尔
555,,来自京东iPhone客户端,瓶塞都没有 很难喝假货上当的感觉,梅洛-红,grade-star g-star1,2016-06-15 20:14,铜牌会员,j***i
556,,来自京东iPhone客户端,送的袋子是个露的 麻烦以后检查下再送 还不如不送 酒直接掉地上碎掉 呵呵,加本力苏维翁,grade-star g-star1,2016-06-16 08:46,银牌会员,孙***n
557,辽宁,,味道不咋样，真心不如长城的。,加本力梅洛-红,grade-star g-star1,2016-03-26 11:45,金牌会员,n***d
558,辽宁,,味道不咋样，真心不如长城的。,梅洛-红,grade-star g-star1,2016-03-26 11:45,金牌会员,n***d
559,广东,来自京东Android客户端,收到货后才发现瓶子有点脏，但是没有烂，感觉不是新货,霞多丽白,grade-star g-star1,2016-06-18 10:57,银牌会员,j***t
560,广东,来自京东Android客户端,还没喝，不知道怎么样，看包装不像正品,加本力苏维翁,grade-star g-star1,2016-06-18 10:57,银牌会员,j***t
561,广东,来自京东Android客户端,感觉一般般,幕斯卡白,grade-star g-star1,2016-06-18 10:57,银牌会员,j***t
562,广东,来自京东Android客户端,二维码竟然是烂的，这样的货也能发过来，以后不会再买了,梅洛-红,grade-star g-star1,2016-06-18 10:57,银牌会员,j***t
563,,来自京东Android客户端,木塞都没有，劝大家不要买，小心上当,加本力苏维翁,grade-star g-star1,2016-06-14 11:13,银牌会员,1***p
564,江苏,,"*买了你家这么多东西还一*号,打售后电话也不承认,抢了这么天券,等到0点都不行,*",西拉-红,grade-star g-star1,2016-04-29 10:45,金牌会员,只***尔
565,,来自京东iPhone客户端,瓶塞都没有 很难喝假货上当的感觉,梅洛-红,grade-star g-star1,2016-06-15 20:14,铜牌会员,j***i
566,,来自京东iPhone客户端,送的袋子是个露的 麻烦以后检查下再送 还不如不送 酒直接掉地上碎掉 呵呵,加本力苏维翁,grade-star g-star1,2016-06-16 08:46,银牌会员,孙***n
567,辽宁,,味道不咋样，真心不如长城的。,加本力梅洛-红,grade-star g-star1,2016-03-26 11:45,金牌会员,n***d
568,辽宁,,味道不咋样，真心不如长城的。,梅洛-红,grade-star g-star1,2016-03-26 11:45,金牌会员,n***d
569,广东,来自京东Android客户端,收到货后才发现瓶子有点脏，但是没有烂，感觉不是新货,霞多丽白,grade-star g-star1,2016-06-18 10:57,银牌会员,j***t
570,广东,来自京东Android客户端,还没喝，不知道怎么样，看包装不像正品,加本力苏维翁,grade-star g-star1,2016-06-18 10:57,银牌会员,j***t
571,广东,来自京东Android客户端,感觉一般般,幕斯卡白,grade-star g-star1,2016-06-18 10:57,银牌会员,j***t
572,广东,来自京东Android客户端,二维码竟然是烂的，这样的货也能发过来，以后不会再买了,梅洛-红,grade-star g-star1,2016-06-18 10:57,银牌会员,j***t
573,,来自京东Android客户端,木塞都没有，劝大家不要买，小心上当,加本力苏维翁,grade-star g-star1,2016-06-14 11:13,银牌会员,1***p
574,江苏,,"*买了你家这么多东西还一*号,打售后电话也不承认,抢了这么天券,等到0点都不行,*",西拉-红,grade-star g-star1,2016-04-29 10:45,金牌会员,只***尔
575,,来自京东iPhone客户端,瓶塞都没有 很难喝假货上当的感觉,梅洛-红,grade-star g-star1,2016-06-15 20:14,铜牌会员,j***i
576,,来自京东iPhone客户端,送的袋子是个露的 麻烦以后检查下再送 还不如不送 酒直接掉地上碎掉 呵呵,加本力苏维翁,grade-star g-star1,2016-06-16 08:46,银牌会员,孙***n
577,辽宁,,味道不咋样，真心不如长城的。,加本力梅洛-红,grade-star g-star1,2016-03-26 11:45,金牌会员,n***d
578,辽宁,,味道不咋样，真心不如长城的。,梅洛-红,grade-star g-star1,2016-03-26 11:45,金牌会员,n***d
579,广东,来自京东Android客户端,收到货后才发现瓶子有点脏，但是没有烂，感觉不是新货,霞多丽白,grade-star g-star1,2016-06-18 10:57,银牌会员,j***t
580,广东,来自京东Android客户端,还没喝，不知道怎么样，看包装不像正品,加本力苏维翁,grade-star g-star1,2016-06-18 10:57,银牌会员,j***t
581,广东,来自京东Android客户端,感觉一般般,幕斯卡白,grade-star g-star1,2016-06-18 10:57,银牌会员,j***t
582,广东,来自京东Android客户端,二维码竟然是烂的，这样的货也能发过来，以后不会再买了,梅洛-红,grade-star g-star1,2016-06-18 10:57,银牌会员,j***t
583,,来自京东Android客户端,木塞都没有，劝大家不要买，小心上当,加本力苏维翁,grade-star g-star1,2016-06-14 11:13,银牌会员,1***p
584,江苏,,"*买了你家这么多东西还一*号,打售后电话也不承认,抢了这么天券,等到0点都不行,*",西拉-红,grade-star g-star1,2016-04-29 10:45,金牌会员,只***尔
585,,来自京东iPhone客户端,瓶塞都没有 很难喝假货上当的感觉,梅洛-红,grade-star g-star1,2016-06-15 20:14,铜牌会员,j***i
586,,来自京东iPhone客户端,送的袋子是个露的 麻烦以后检查下再送 还不如不送 酒直接掉地上碎掉 呵呵,加本力苏维翁,grade-star g-star1,2016-06-16 08:46,银牌会员,孙***n
587,辽宁,,味道不咋样，真心不如长城的。,加本力梅洛-红,grade-star g-star1,2016-03-26 11:45,金牌会员,n***d
588,辽宁,,味道不咋样，真心不如长城的。,梅洛-红,grade-star g-star1,2016-03-26 11:45,金牌会员,n***d
589,广东,来自京东Android客户端,收到货后才发现瓶子有点脏，但是没有烂，感觉不是新货,霞多丽白,grade-star g-star1,2016-06-18 10:57,银牌会员,j***t
590,广东,来自京东Android客户端,还没喝，不知道怎么样，看包装不像正品,加本力苏维翁,grade-star g-star1,2016-06-18 10:57,银牌会员,j***t
591,广东,来自京东Android客户端,感觉一般般,幕斯卡白,grade-star g-star1,2016-06-18 10:57,银牌会员,j***t
592,广东,来自京东Android客户端,二维码竟然是烂的，这样的货也能发过来，以后不会再买了,梅洛-红,grade-star g-star1,2016-06-18 10:57,银牌会员,j***t
593,,来自京东Android客户端,木塞都没有，劝大家不要买，小心上当,加本力苏维翁,grade-star g-star1,2016-06-14 11:13,银牌会员,1***p
594,江苏,,"*买了你家这么多东西还一*号,打售后电话也不承认,抢了这么天券,等到0点都不行,*",西拉-红,grade-star g-star1,2016-04-29 10:45,金牌会员,只***尔
595,,来自京东iPhone客户端,瓶塞都没有 很难喝假货上当的感觉,梅洛-红,grade-star g-star1,2016-06-15 20:14,铜牌会员,j***i
596,,来自京东iPhone客户端,送的袋子是个露的 麻烦以后检查下再送 还不如不送 酒直接掉地上碎掉 呵呵,加本力苏维翁,grade-star g-star1,2016-06-16 08:46,银牌会员,孙***n
597,辽宁,,味道不咋样，真心不如长城的。,加本力梅洛-红,grade-star g-star1,2016-03-26 11:45,金牌会员,n***d
598,辽宁,,味道不咋样，真心不如长城的。,梅洛-红,grade-star g-star1,2016-03-26 11:45,金牌会员,n***d
599,广东,来自京东Android客户端,收到货后才发现瓶子有点脏，但是没有烂，感觉不是新货,霞多丽白,grade-star g-star1,2016-06-18 10:57,银牌会员,j***t
600,广东,来自京东Android客户端,还没喝，不知道怎么样，看包装不像正品,加本力苏维翁,grade-star g-star1,2016-06-18 10:57,银牌会员,j***t
601,广东,来自京东Android客户端,感觉一般般,幕斯卡白,grade-star g-star1,2016-06-18 10:57,银牌会员,j***t
602,广东,来自京东Android客户端,二维码竟然是烂的，这样的货也能发过来，以后不会再买了,梅洛-红,grade-star g-star1,2016-06-18 10:57,银牌会员,j***t
603,,来自京东Android客户端,木塞都没有，劝大家不要买，小心上当,加本力苏维翁,grade-star g-star1,2016-06-14 11:13,银牌会员,1***p
604,江苏,,"*买了你家这么多东西还一*号,打售后电话也不承认,抢了这么天券,等到0点都不行,*",西拉-红,grade-star g-star1,2016-04-29 10:45,金牌会员,只***尔
605,,来自京东iPhone客户端,瓶塞都没有 很难喝假货上当的感觉,梅洛-红,grade-star g-star1,2016-06-15 20:14,铜牌会员,j***i
606,,来自京东iPhone客户端,送的袋子是个露的 麻烦以后检查下再送 还不如不送 酒直接掉地上碎掉 呵呵,加本力苏维翁,grade-star g-star1,2016-06-16 08:46,银牌会员,孙***n
607,辽宁,,味道不咋样，真心不如长城的。,加本力梅洛-红,grade-star g-star1,2016-03-26 11:45,金牌会员,n***d
608,辽宁,,味道不咋样，真心不如长城的。,梅洛-红,grade-star g-star1,2016-03-26 11:45,金牌会员,n***d
609,广东,来自京东Android客户端,收到货后才发现瓶子有点脏，但是没有烂，感觉不是新货,霞多丽白,grade-star g-star1,2016-06-18 10:57,银牌会员,j***t
610,广东,来自京东Android客户端,还没喝，不知道怎么样，看包装不像正品,加本力苏维翁,grade-star g-star1,2016-06-18 10:57,银牌会员,j***t
611,广东,来自京东Android客户端,感觉一般般,幕斯卡白,grade-star g-star1,2016-06-18 10:57,银牌会员,j***t
612,广东,来自京东Android客户端,二维码竟然是烂的，这样的货也能发过来，以后不会再买了,梅洛-红,grade-star g-star1,2016-06-18 10:57,银牌会员,j***t
613,,来自京东Android客户端,木塞都没有，劝大家不要买，小心上当,加本力苏维翁,grade-star g-star1,2016-06-14 11:13,银牌会员,1***p
614,江苏,,"*买了你家这么多东西还一*号,打售后电话也不承认,抢了这么天券,等到0点都不行,*",西拉-红,grade-star g-star1,2016-04-29 10:45,金牌会员,只***尔
615,,来自京东iPhone客户端,瓶塞都没有 很难喝假货上当的感觉,梅洛-红,grade-star g-star1,2016-06-15 20:14,铜牌会员,j***i
616,,来自京东iPhone客户端,送的袋子是个露的 麻烦以后检查下再送 还不如不送 酒直接掉地上碎掉 呵呵,加本力苏维翁,grade-star g-star1,2016-06-16 08:46,银牌会员,孙***n
617,辽宁,,味道不咋样，真心不如长城的。,加本力梅洛-红,grade-star g-star1,2016-03-26 11:45,金牌会员,n***d
618,辽宁,,味道不咋样，真心不如长城的。,梅洛-红,grade-star g-star1,2016-03-26 11:45,金牌会员,n***d
619,广东,来自京东Android客户端,收到货后才发现瓶子有点脏，但是没有烂，感觉不是新货,霞多丽白,grade-star g-star1,2016-06-18 10:57,银牌会员,j***t
620,广东,来自京东Android客户端,还没喝，不知道怎么样，看包装不像正品,加本力苏维翁,grade-star g-star1,2016-06-18 10:57,银牌会员,j***t
621,广东,来自京东Android客户端,感觉一般般,幕斯卡白,grade-star g-star1,2016-06-18 10:57,银牌会员,j***t
622,广东,来自京东Android客户端,二维码竟然是烂的，这样的货也能发过来，以后不会再买了,梅洛-红,grade-star g-star1,2016-06-18 10:57,银牌会员,j***t
623,,来自京东Android客户端,木塞都没有，劝大家不要买，小心上当,加本力苏维翁,grade-star g-star1,2016-06-14 11:13,银牌会员,1***p
624,江苏,,"*买了你家这么多东西还一*号,打售后电话也不承认,抢了这么天券,等到0点都不行,*",西拉-红,grade-star g-star1,2016-04-29 10:45,金牌会员,只***尔
625,,来自京东iPhone客户端,瓶塞都没有 很难喝假货上当的感觉,梅洛-红,grade-star g-star1,2016-06-15 20:14,铜牌会员,j***i
626,,来自京东iPhone客户端,送的袋子是个露的 麻烦以后检查下再送 还不如不送 酒直接掉地上碎掉 呵呵,加本力苏维翁,grade-star g-star1,2016-06-16 08:46,银牌会员,孙***n
627,辽宁,,味道不咋样，真心不如长城的。,加本力梅洛-红,grade-star g-star1,2016-03-26 11:45,金牌会员,n***d
628,辽宁,,味道不咋样，真心不如长城的。,梅洛-红,grade-star g-star1,2016-03-26 11:45,金牌会员,n***d
629,广东,来自京东Android客户端,收到货后才发现瓶子有点脏，但是没有烂，感觉不是新货,霞多丽白,grade-star g-star1,2016-06-18 10:57,银牌会员,j***t
630,广东,来自京东Android客户端,还没喝，不知道怎么样，看包装不像正品,加本力苏维翁,grade-star g-star1,2016-06-18 10:57,银牌会员,j***t
631,广东,来自京东Android客户端,感觉一般般,幕斯卡白,grade-star g-star1,2016-06-18 10:57,银牌会员,j***t
632,广东,来自京东Android客户端,二维码竟然是烂的，这样的货也能发过来，以后不会再买了,梅洛-红,grade-star g-star1,2016-06-18 10:57,银牌会员,j***t
633,,来自京东Android客户端,木塞都没有，劝大家不要买，小心上当,加本力苏维翁,grade-star g-star1,2016-06-14 11:13,银牌会员,1***p
634,江苏,,"*买了你家这么多东西还一*号,打售后电话也不承认,抢了这么天券,等到0点都不行,*",西拉-红,grade-star g-star1,2016-04-29 10:45,金牌会员,只***尔
635,,来自京东iPhone客户端,瓶塞都没有 很难喝假货上当的感觉,梅洛-红,grade-star g-star1,2016-06-15 20:14,铜牌会员,j***i
636,,来自京东iPhone客户端,送的袋子是个露的 麻烦以后检查下再送 还不如不送 酒直接掉地上碎掉 呵呵,加本力苏维翁,grade-star g-star1,2016-06-16 08:46,银牌会员,孙***n
637,辽宁,,味道不咋样，真心不如长城的。,加本力梅洛-红,grade-star g-star1,2016-03-26 11:45,金牌会员,n***d
638,辽宁,,味道不咋样，真心不如长城的。,梅洛-红,grade-star g-star1,2016-03-26 11:45,金牌会员,n***d
639,广东,来自京东Android客户端,收到货后才发现瓶子有点脏，但是没有烂，感觉不是新货,霞多丽白,grade-star g-star1,2016-06-18 10:57,银牌会员,j***t
640,广东,来自京东Android客户端,还没喝，不知道怎么样，看包装不像正品,加本力苏维翁,grade-star g-star1,2016-06-18 10:57,银牌会员,j***t
641,广东,来自京东Android客户端,感觉一般般,幕斯卡白,grade-star g-star1,2016-06-18 10:57,银牌会员,j***t
642,广东,来自京东Android客户端,二维码竟然是烂的，这样的货也能发过来，以后不会再买了,梅洛-红,grade-star g-star1,2016-06-18 10:57,银牌会员,j***t
643,,来自京东Android客户端,木塞都没有，劝大家不要买，小心上当,加本力苏维翁,grade-star g-star1,2016-06-14 11:13,银牌会员,1***p
644,江苏,,"*买了你家这么多东西还一*号,打售后电话也不承认,抢了这么天券,等到0点都不行,*",西拉-红,grade-star g-star1,2016-04-29 10:45,金牌会员,只***尔
645,,来自京东iPhone客户端,瓶塞都没有 很难喝假货上当的感觉,梅洛-红,grade-star g-star1,2016-06-15 20:14,铜牌会员,j***i
646,,来自京东iPhone客户端,送的袋子是个露的 麻烦以后检查下再送 还不如不送 酒直接掉地上碎掉 呵呵,加本力苏维翁,grade-star g-star1,2016-06-16 08:46,银牌会员,孙***n
647,辽宁,,味道不咋样，真心不如长城的。,加本力梅洛-红,grade-star g-star1,2016-03-26 11:45,金牌会员,n***d
648,辽宁,,味道不咋样，真心不如长城的。,梅洛-红,grade-star g-star1,2016-03-26 11:45,金牌会员,n***d
649,广东,来自京东Android客户端,收到货后才发现瓶子有点脏，但是没有烂，感觉不是新货,霞多丽白,grade-star g-star1,2016-06-18 10:57,银牌会员,j***t
650,广东,来自京东Android客户端,还没喝，不知道怎么样，看包装不像正品,加本力苏维翁,grade-star g-star1,2016-06-18 10:57,银牌会员,j***t
651,广东,来自京东Android客户端,感觉一般般,幕斯卡白,grade-star g-star1,2016-06-18 10:57,银牌会员,j***t
652,广东,来自京东Android客户端,二维码竟然是烂的，这样的货也能发过来，以后不会再买了,梅洛-红,grade-star g-star1,2016-06-18 10:57,银牌会员,j***t
653,,来自京东Android客户端,木塞都没有，劝大家不要买，小心上当,加本力苏维翁,grade-star g-star1,2016-06-14 11:13,银牌会员,1***p
654,江苏,,"*买了你家这么多东西还一*号,打售后电话也不承认,抢了这么天券,等到0点都不行,*",西拉-红,grade-star g-star1,2016-04-29 10:45,金牌会员,只***尔
655,,来自京东iPhone客户端,瓶塞都没有 很难喝假货上当的感觉,梅洛-红,grade-star g-star1,2016-06-15 20:14,铜牌会员,j***i
656,,来自京东iPhone客户端,送的袋子是个露的 麻烦以后检查下再送 还不如不送 酒直接掉地上碎掉 呵呵,加本力苏维翁,grade-star g-star1,2016-06-16 08:46,银牌会员,孙***n
657,辽宁,,味道不咋样，真心不如长城的。,加本力梅洛-红,grade-star g-star1,2016-03-26 11:45,金牌会员,n***d
658,辽宁,,味道不咋样，真心不如长城的。,梅洛-红,grade-star g-star1,2016-03-26 11:45,金牌会员,n***d
659,广东,来自京东Android客户端,收到货后才发现瓶子有点脏，但是没有烂，感觉不是新货,霞多丽白,grade-star g-star1,2016-06-18 10:57,银牌会员,j***t
660,广东,来自京东Android客户端,还没喝，不知道怎么样，看包装不像正品,加本力苏维翁,grade-star g-star1,2016-06-18 10:57,银牌会员,j***t
661,广东,来自京东Android客户端,感觉一般般,幕斯卡白,grade-star g-star1,2016-06-18 10:57,银牌会员,j***t
662,广东,来自京东Android客户端,二维码竟然是烂的，这样的货也能发过来，以后不会再买了,梅洛-红,grade-star g-star1,2016-06-18 10:57,银牌会员,j***t
663,,来自京东Android客户端,木塞都没有，劝大家不要买，小心上当,加本力苏维翁,grade-star g-star1,2016-06-14 11:13,银牌会员,1***p
664,江苏,,"*买了你家这么多东西还一*号,打售后电话也不承认,抢了这么天券,等到0点都不行,*",西拉-红,grade-star g-star1,2016-04-29 10:45,金牌会员,只***尔
665,,来自京东iPhone客户端,瓶塞都没有 很难喝假货上当的感觉,梅洛-红,grade-star g-star1,2016-06-15 20:14,铜牌会员,j***i
666,,来自京东iPhone客户端,送的袋子是个露的 麻烦以后检查下再送 还不如不送 酒直接掉地上碎掉 呵呵,加本力苏维翁,grade-star g-star1,2016-06-16 08:46,银牌会员,孙***n
667,辽宁,,味道不咋样，真心不如长城的。,加本力梅洛-红,grade-star g-star1,2016-03-26 11:45,金牌会员,n***d
668,辽宁,,味道不咋样，真心不如长城的。,梅洛-红,grade-star g-star1,2016-03-26 11:45,金牌会员,n***d
669,广东,来自京东Android客户端,收到货后才发现瓶子有点脏，但是没有烂，感觉不是新货,霞多丽白,grade-star g-star1,2016-06-18 10:57,银牌会员,j***t
670,广东,来自京东Android客户端,还没喝，不知道怎么样，看包装不像正品,加本力苏维翁,grade-star g-star1,2016-06-18 10:57,银牌会员,j***t
671,广东,来自京东Android客户端,感觉一般般,幕斯卡白,grade-star g-star1,2016-06-18 10:57,银牌会员,j***t
672,广东,来自京东Android客户端,二维码竟然是烂的，这样的货也能发过来，以后不会再买了,梅洛-红,grade-star g-star1,2016-06-18 10:57,银牌会员,j***t
673,,来自京东Android客户端,木塞都没有，劝大家不要买，小心上当,加本力苏维翁,grade-star g-star1,2016-06-14 11:13,银牌会员,1***p
674,江苏,,"*买了你家这么多东西还一*号,打售后电话也不承认,抢了这么天券,等到0点都不行,*",西拉-红,grade-star g-star1,2016-04-29 10:45,金牌会员,只***尔
675,,来自京东iPhone客户端,瓶塞都没有 很难喝假货上当的感觉,梅洛-红,grade-star g-star1,2016-06-15 20:14,铜牌会员,j***i
676,,来自京东iPhone客户端,送的袋子是个露的 麻烦以后检查下再送 还不如不送 酒直接掉地上碎掉 呵呵,加本力苏维翁,grade-star g-star1,2016-06-16 08:46,银牌会员,孙***n
677,辽宁,,味道不咋样，真心不如长城的。,加本力梅洛-红,grade-star g-star1,2016-03-26 11:45,金牌会员,n***d
678,辽宁,,味道不咋样，真心不如长城的。,梅洛-红,grade-star g-star1,2016-03-26 11:45,金牌会员,n***d
679,广东,来自京东Android客户端,收到货后才发现瓶子有点脏，但是没有烂，感觉不是新货,霞多丽白,grade-star g-star1,2016-06-18 10:57,银牌会员,j***t
680,广东,来自京东Android客户端,还没喝，不知道怎么样，看包装不像正品,加本力苏维翁,grade-star g-star1,2016-06-18 10:57,银牌会员,j***t
681,广东,来自京东Android客户端,感觉一般般,幕斯卡白,grade-star g-star1,2016-06-18 10:57,银牌会员,j***t
682,广东,来自京东Android客户端,二维码竟然是烂的，这样的货也能发过来，以后不会再买了,梅洛-红,grade-star g-star1,2016-06-18 10:57,银牌会员,j***t
683,,来自京东Android客户端,木塞都没有，劝大家不要买，小心上当,加本力苏维翁,grade-star g-star1,2016-06-14 11:13,银牌会员,1***p
684,江苏,,"*买了你家这么多东西还一*号,打售后电话也不承认,抢了这么天券,等到0点都不行,*",西拉-红,grade-star g-star1,2016-04-29 10:45,金牌会员,只***尔
685,,来自京东iPhone客户端,瓶塞都没有 很难喝假货上当的感觉,梅洛-红,grade-star g-star1,2016-06-15 20:14,铜牌会员,j***i
686,,来自京东iPhone客户端,送的袋子是个露的 麻烦以后检查下再送 还不如不送 酒直接掉地上碎掉 呵呵,加本力苏维翁,grade-star g-star1,2016-06-16 08:46,银牌会员,孙***n
687,辽宁,,味道不咋样，真心不如长城的。,加本力梅洛-红,grade-star g-star1,2016-03-26 11:45,金牌会员,n***d
688,辽宁,,味道不咋样，真心不如长城的。,梅洛-红,grade-star g-star1,2016-03-26 11:45,金牌会员,n***d
689,广东,来自京东Android客户端,收到货后才发现瓶子有点脏，但是没有烂，感觉不是新货,霞多丽白,grade-star g-star1,2016-06-18 10:57,银牌会员,j***t
690,广东,来自京东Android客户端,还没喝，不知道怎么样，看包装不像正品,加本力苏维翁,grade-star g-star1,2016-06-18 10:57,银牌会员,j***t
691,广东,来自京东Android客户端,感觉一般般,幕斯卡白,grade-star g-star1,2016-06-18 10:57,银牌会员,j***t
692,广东,来自京东Android客户端,二维码竟然是烂的，这样的货也能发过来，以后不会再买了,梅洛-红,grade-star g-star1,2016-06-18 10:57,银牌会员,j***t
693,,来自京东Android客户端,木塞都没有，劝大家不要买，小心上当,加本力苏维翁,grade-star g-star1,2016-06-14 11:13,银牌会员,1***p
694,江苏,,"*买了你家这么多东西还一*号,打售后电话也不承认,抢了这么天券,等到0点都不行,*",西拉-红,grade-star g-star1,2016-04-29 10:45,金牌会员,只***尔
695,,来自京东iPhone客户端,瓶塞都没有 很难喝假货上当的感觉,梅洛-红,grade-star g-star1,2016-06-15 20:14,铜牌会员,j***i
696,,来自京东iPhone客户端,送的袋子是个露的 麻烦以后检查下再送 还不如不送 酒直接掉地上碎掉 呵呵,加本力苏维翁,grade-star g-star1,2016-06-16 08:46,银牌会员,孙***n
697,辽宁,,味道不咋样，真心不如长城的。,加本力梅洛-红,grade-star g-star1,2016-03-26 11:45,金牌会员,n***d
698,辽宁,,味道不咋样，真心不如长城的。,梅洛-红,grade-star g-star1,2016-03-26 11:45,金牌会员,n***d
699,广东,来自京东Android客户端,收到货后才发现瓶子有点脏，但是没有烂，感觉不是新货,霞多丽白,grade-star g-star1,2016-06-18 10:57,银牌会员,j***t
700,广东,来自京东Android客户端,还没喝，不知道怎么样，看包装不像正品,加本力苏维翁,grade-star g-star1,2016-06-18 10:57,银牌会员,j***t
701,广东,来自京东Android客户端,感觉一般般,幕斯卡白,grade-star g-star1,2016-06-18 10:57,银牌会员,j***t
702,广东,来自京东Android客户端,二维码竟然是烂的，这样的货也能发过来，以后不会再买了,梅洛-红,grade-star g-star1,2016-06-18 10:57,银牌会员,j***t
703,,来自京东Android客户端,木塞都没有，劝大家不要买，小心上当,加本力苏维翁,grade-star g-star1,2016-06-14 11:13,银牌会员,1***p
704,江苏,,"*买了你家这么多东西还一*号,打售后电话也不承认,抢了这么天券,等到0点都不行,*",西拉-红,grade-star g-star1,2016-04-29 10:45,金牌会员,只***尔
705,,来自京东iPhone客户端,瓶塞都没有 很难喝假货上当的感觉,梅洛-红,grade-star g-star1,2016-06-15 20:14,铜牌会员,j***i
706,,来自京东iPhone客户端,送的袋子是个露的 麻烦以后检查下再送 还不如不送 酒直接掉地上碎掉 呵呵,加本力苏维翁,grade-star g-star1,2016-06-16 08:46,银牌会员,孙***n
707,辽宁,,味道不咋样，真心不如长城的。,加本力梅洛-红,grade-star g-star1,2016-03-26 11:45,金牌会员,n***d
708,辽宁,,味道不咋样，真心不如长城的。,梅洛-红,grade-star g-star1,2016-03-26 11:45,金牌会员,n***d
709,广东,来自京东Android客户端,收到货后才发现瓶子有点脏，但是没有烂，感觉不是新货,霞多丽白,grade-star g-star1,2016-06-18 10:57,银牌会员,j***t
710,广东,来自京东Android客户端,还没喝，不知道怎么样，看包装不像正品,加本力苏维翁,grade-star g-star1,2016-06-18 10:57,银牌会员,j***t
711,广东,来自京东Android客户端,感觉一般般,幕斯卡白,grade-star g-star1,2016-06-18 10:57,银牌会员,j***t
712,广东,来自京东Android客户端,二维码竟然是烂的，这样的货也能发过来，以后不会再买了,梅洛-红,grade-star g-star1,2016-06-18 10:57,银牌会员,j***t
713,,来自京东Android客户端,木塞都没有，劝大家不要买，小心上当,加本力苏维翁,grade-star g-star1,2016-06-14 11:13,银牌会员,1***p
714,江苏,,"*买了你家这么多东西还一*号,打售后电话也不承认,抢了这么天券,等到0点都不行,*",西拉-红,grade-star g-star1,2016-04-29 10:45,金牌会员,只***尔
715,,来自京东iPhone客户端,瓶塞都没有 很难喝假货上当的感觉,梅洛-红,grade-star g-star1,2016-06-15 20:14,铜牌会员,j***i
716,,来自京东iPhone客户端,送的袋子是个露的 麻烦以后检查下再送 还不如不送 酒直接掉地上碎掉 呵呵,加本力苏维翁,grade-star g-star1,2016-06-16 08:46,银牌会员,孙***n
717,辽宁,,味道不咋样，真心不如长城的。,加本力梅洛-红,grade-star g-star1,2016-03-26 11:45,金牌会员,n***d
718,辽宁,,味道不咋样，真心不如长城的。,梅洛-红,grade-star g-star1,2016-03-26 11:45,金牌会员,n***d
719,广东,来自京东Android客户端,收到货后才发现瓶子有点脏，但是没有烂，感觉不是新货,霞多丽白,grade-star g-star1,2016-06-18 10:57,银牌会员,j***t
720,广东,来自京东Android客户端,还没喝，不知道怎么样，看包装不像正品,加本力苏维翁,grade-star g-star1,2016-06-18 10:57,银牌会员,j***t
721,广东,来自京东Android客户端,感觉一般般,幕斯卡白,grade-star g-star1,2016-06-18 10:57,银牌会员,j***t
722,广东,来自京东Android客户端,二维码竟然是烂的，这样的货也能发过来，以后不会再买了,梅洛-红,grade-star g-star1,2016-06-18 10:57,银牌会员,j***t
723,,来自京东Android客户端,木塞都没有，劝大家不要买，小心上当,加本力苏维翁,grade-star g-star1,2016-06-14 11:13,银牌会员,1***p
724,江苏,,"*买了你家这么多东西还一*号,打售后电话也不承认,抢了这么天券,等到0点都不行,*",西拉-红,grade-star g-star1,2016-04-29 10:45,金牌会员,只***尔
725,,来自京东iPhone客户端,瓶塞都没有 很难喝假货上当的感觉,梅洛-红,grade-star g-star1,2016-06-15 20:14,铜牌会员,j***i
726,,来自京东iPhone客户端,送的袋子是个露的 麻烦以后检查下再送 还不如不送 酒直接掉地上碎掉 呵呵,加本力苏维翁,grade-star g-star1,2016-06-16 08:46,银牌会员,孙***n
727,辽宁,,味道不咋样，真心不如长城的。,加本力梅洛-红,grade-star g-star1,2016-03-26 11:45,金牌会员,n***d
728,辽宁,,味道不咋样，真心不如长城的。,梅洛-红,grade-star g-star1,2016-03-26 11:45,金牌会员,n***d
729,广东,来自京东Android客户端,收到货后才发现瓶子有点脏，但是没有烂，感觉不是新货,霞多丽白,grade-star g-star1,2016-06-18 10:57,银牌会员,j***t
730,广东,来自京东Android客户端,还没喝，不知道怎么样，看包装不像正品,加本力苏维翁,grade-star g-star1,2016-06-18 10:57,银牌会员,j***t
731,广东,来自京东Android客户端,感觉一般般,幕斯卡白,grade-star g-star1,2016-06-18 10:57,银牌会员,j***t
732,广东,来自京东Android客户端,二维码竟然是烂的，这样的货也能发过来，以后不会再买了,梅洛-红,grade-star g-star1,2016-06-18 10:57,银牌会员,j***t
733,,来自京东Android客户端,木塞都没有，劝大家不要买，小心上当,加本力苏维翁,grade-star g-star1,2016-06-14 11:13,银牌会员,1***p
734,江苏,,"*买了你家这么多东西还一*号,打售后电话也不承认,抢了这么天券,等到0点都不行,*",西拉-红,grade-star g-star1,2016-04-29 10:45,金牌会员,只***尔
735,,来自京东iPhone客户端,瓶塞都没有 很难喝假货上当的感觉,梅洛-红,grade-star g-star1,2016-06-15 20:14,铜牌会员,j***i
736,,来自京东iPhone客户端,送的袋子是个露的 麻烦以后检查下再送 还不如不送 酒直接掉地上碎掉 呵呵,加本力苏维翁,grade-star g-star1,2016-06-16 08:46,银牌会员,孙***n
737,辽宁,,味道不咋样，真心不如长城的。,加本力梅洛-红,grade-star g-star1,2016-03-26 11:45,金牌会员,n***d
738,辽宁,,味道不咋样，真心不如长城的。,梅洛-红,grade-star g-star1,2016-03-26 11:45,金牌会员,n***d
739,广东,来自京东Android客户端,收到货后才发现瓶子有点脏，但是没有烂，感觉不是新货,霞多丽白,grade-star g-star1,2016-06-18 10:57,银牌会员,j***t
740,广东,来自京东Android客户端,还没喝，不知道怎么样，看包装不像正品,加本力苏维翁,grade-star g-star1,2016-06-18 10:57,银牌会员,j***t
741,广东,来自京东Android客户端,感觉一般般,幕斯卡白,grade-star g-star1,2016-06-18 10:57,银牌会员,j***t
742,广东,来自京东Android客户端,二维码竟然是烂的，这样的货也能发过来，以后不会再买了,梅洛-红,grade-star g-star1,2016-06-18 10:57,银牌会员,j***t
743,,来自京东Android客户端,木塞都没有，劝大家不要买，小心上当,加本力苏维翁,grade-star g-star1,2016-06-14 11:13,银牌会员,1***p
744,江苏,,"*买了你家这么多东西还一*号,打售后电话也不承认,抢了这么天券,等到0点都不行,*",西拉-红,grade-star g-star1,2016-04-29 10:45,金牌会员,只***尔
745,,来自京东iPhone客户端,瓶塞都没有 很难喝假货上当的感觉,梅洛-红,grade-star g-star1,2016-06-15 20:14,铜牌会员,j***i
746,,来自京东iPhone客户端,送的袋子是个露的 麻烦以后检查下再送 还不如不送 酒直接掉地上碎掉 呵呵,加本力苏维翁,grade-star g-star1,2016-06-16 08:46,银牌会员,孙***n
747,辽宁,,味道不咋样，真心不如长城的。,加本力梅洛-红,grade-star g-star1,2016-03-26 11:45,金牌会员,n***d
748,辽宁,,味道不咋样，真心不如长城的。,梅洛-红,grade-star g-star1,2016-03-26 11:45,金牌会员,n***d
749,广东,来自京东Android客户端,收到货后才发现瓶子有点脏，但是没有烂，感觉不是新货,霞多丽白,grade-star g-star1,2016-06-18 10:57,银牌会员,j***t
750,广东,来自京东Android客户端,还没喝，不知道怎么样，看包装不像正品,加本力苏维翁,grade-star g-star1,2016-06-18 10:57,银牌会员,j***t
751,广东,来自京东Android客户端,感觉一般般,幕斯卡白,grade-star g-star1,2016-06-18 10:57,银牌会员,j***t
752,广东,来自京东Android客户端,二维码竟然是烂的，这样的货也能发过来，以后不会再买了,梅洛-红,grade-star g-star1,2016-06-18 10:57,银牌会员,j***t
753,,来自京东Android客户端,木塞都没有，劝大家不要买，小心上当,加本力苏维翁,grade-star g-star1,2016-06-14 11:13,银牌会员,1***p
754,江苏,,"*买了你家这么多东西还一*号,打售后电话也不承认,抢了这么天券,等到0点都不行,*",西拉-红,grade-star g-star1,2016-04-29 10:45,金牌会员,只***尔
755,,来自京东iPhone客户端,瓶塞都没有 很难喝假货上当的感觉,梅洛-红,grade-star g-star1,2016-06-15 20:14,铜牌会员,j***i
756,,来自京东iPhone客户端,送的袋子是个露的 麻烦以后检查下再送 还不如不送 酒直接掉地上碎掉 呵呵,加本力苏维翁,grade-star g-star1,2016-06-16 08:46,银牌会员,孙***n
757,辽宁,,味道不咋样，真心不如长城的。,加本力梅洛-红,grade-star g-star1,2016-03-26 11:45,金牌会员,n***d
758,辽宁,,味道不咋样，真心不如长城的。,梅洛-红,grade-star g-star1,2016-03-26 11:45,金牌会员,n***d
759,广东,来自京东Android客户端,收到货后才发现瓶子有点脏，但是没有烂，感觉不是新货,霞多丽白,grade-star g-star1,2016-06-18 10:57,银牌会员,j***t
760,广东,来自京东Android客户端,还没喝，不知道怎么样，看包装不像正品,加本力苏维翁,grade-star g-star1,2016-06-18 10:57,银牌会员,j***t
761,广东,来自京东Android客户端,感觉一般般,幕斯卡白,grade-star g-star1,2016-06-18 10:57,银牌会员,j***t
762,广东,来自京东Android客户端,二维码竟然是烂的，这样的货也能发过来，以后不会再买了,梅洛-红,grade-star g-star1,2016-06-18 10:57,银牌会员,j***t
763,,来自京东Android客户端,木塞都没有，劝大家不要买，小心上当,加本力苏维翁,grade-star g-star1,2016-06-14 11:13,银牌会员,1***p
764,江苏,,"*买了你家这么多东西还一*号,打售后电话也不承认,抢了这么天券,等到0点都不行,*",西拉-红,grade-star g-star1,2016-04-29 10:45,金牌会员,只***尔
765,,来自京东iPhone客户端,瓶塞都没有 很难喝假货上当的感觉,梅洛-红,grade-star g-star1,2016-06-15 20:14,铜牌会员,j***i
766,,来自京东iPhone客户端,送的袋子是个露的 麻烦以后检查下再送 还不如不送 酒直接掉地上碎掉 呵呵,加本力苏维翁,grade-star g-star1,2016-06-16 08:46,银牌会员,孙***n
767,辽宁,,味道不咋样，真心不如长城的。,加本力梅洛-红,grade-star g-star1,2016-03-26 11:45,金牌会员,n***d
768,辽宁,,味道不咋样，真心不如长城的。,梅洛-红,grade-star g-star1,2016-03-26 11:45,金牌会员,n***d
769,广东,来自京东Android客户端,收到货后才发现瓶子有点脏，但是没有烂，感觉不是新货,霞多丽白,grade-star g-star1,2016-06-18 10:57,银牌会员,j***t
770,广东,来自京东Android客户端,还没喝，不知道怎么样，看包装不像正品,加本力苏维翁,grade-star g-star1,2016-06-18 10:57,银牌会员,j***t
771,广东,来自京东Android客户端,感觉一般般,幕斯卡白,grade-star g-star1,2016-06-18 10:57,银牌会员,j***t
772,广东,来自京东Android客户端,二维码竟然是烂的，这样的货也能发过来，以后不会再买了,梅洛-红,grade-star g-star1,2016-06-18 10:57,银牌会员,j***t
773,,来自京东Android客户端,木塞都没有，劝大家不要买，小心上当,加本力苏维翁,grade-star g-star1,2016-06-14 11:13,银牌会员,1***p
774,江苏,,"*买了你家这么多东西还一*号,打售后电话也不承认,抢了这么天券,等到0点都不行,*",西拉-红,grade-star g-star1,2016-04-29 10:45,金牌会员,只***尔
775,,来自京东iPhone客户端,瓶塞都没有 很难喝假货上当的感觉,梅洛-红,grade-star g-star1,2016-06-15 20:14,铜牌会员,j***i
776,,来自京东iPhone客户端,送的袋子是个露的 麻烦以后检查下再送 还不如不送 酒直接掉地上碎掉 呵呵,加本力苏维翁,grade-star g-star1,2016-06-16 08:46,银牌会员,孙***n
777,辽宁,,味道不咋样，真心不如长城的。,加本力梅洛-红,grade-star g-star1,2016-03-26 11:45,金牌会员,n***d
778,辽宁,,味道不咋样，真心不如长城的。,梅洛-红,grade-star g-star1,2016-03-26 11:45,金牌会员,n***d
779,广东,来自京东Android客户端,收到货后才发现瓶子有点脏，但是没有烂，感觉不是新货,霞多丽白,grade-star g-star1,2016-06-18 10:57,银牌会员,j***t
780,广东,来自京东Android客户端,还没喝，不知道怎么样，看包装不像正品,加本力苏维翁,grade-star g-star1,2016-06-18 10:57,银牌会员,j***t
781,广东,来自京东Android客户端,感觉一般般,幕斯卡白,grade-star g-star1,2016-06-18 10:57,银牌会员,j***t
782,广东,来自京东Android客户端,二维码竟然是烂的，这样的货也能发过来，以后不会再买了,梅洛-红,grade-star g-star1,2016-06-18 10:57,银牌会员,j***t
783,,来自京东Android客户端,木塞都没有，劝大家不要买，小心上当,加本力苏维翁,grade-star g-star1,2016-06-14 11:13,银牌会员,1***p
784,江苏,,"*买了你家这么多东西还一*号,打售后电话也不承认,抢了这么天券,等到0点都不行,*",西拉-红,grade-star g-star1,2016-04-29 10:45,金牌会员,只***尔
785,,来自京东iPhone客户端,瓶塞都没有 很难喝假货上当的感觉,梅洛-红,grade-star g-star1,2016-06-15 20:14,铜牌会员,j***i
786,,来自京东iPhone客户端,送的袋子是个露的 麻烦以后检查下再送 还不如不送 酒直接掉地上碎掉 呵呵,加本力苏维翁,grade-star g-star1,2016-06-16 08:46,银牌会员,孙***n
787,辽宁,,味道不咋样，真心不如长城的。,加本力梅洛-红,grade-star g-star1,2016-03-26 11:45,金牌会员,n***d
788,辽宁,,味道不咋样，真心不如长城的。,梅洛-红,grade-star g-star1,2016-03-26 11:45,金牌会员,n***d
789,广东,来自京东Android客户端,收到货后才发现瓶子有点脏，但是没有烂，感觉不是新货,霞多丽白,grade-star g-star1,2016-06-18 10:57,银牌会员,j***t
790,广东,来自京东Android客户端,还没喝，不知道怎么样，看包装不像正品,加本力苏维翁,grade-star g-star1,2016-06-18 10:57,银牌会员,j***t
791,广东,来自京东Android客户端,感觉一般般,幕斯卡白,grade-star g-star1,2016-06-18 10:57,银牌会员,j***t
792,广东,来自京东Android客户端,二维码竟然是烂的，这样的货也能发过来，以后不会再买了,梅洛-红,grade-star g-star1,2016-06-18 10:57,银牌会员,j***t
793,,来自京东Android客户端,木塞都没有，劝大家不要买，小心上当,加本力苏维翁,grade-star g-star1,2016-06-14 11:13,银牌会员,1***p
794,江苏,,"*买了你家这么多东西还一*号,打售后电话也不承认,抢了这么天券,等到0点都不行,*",西拉-红,grade-star g-star1,2016-04-29 10:45,金牌会员,只***尔
795,,来自京东iPhone客户端,瓶塞都没有 很难喝假货上当的感觉,梅洛-红,grade-star g-star1,2016-06-15 20:14,铜牌会员,j***i
796,,来自京东iPhone客户端,送的袋子是个露的 麻烦以后检查下再送 还不如不送 酒直接掉地上碎掉 呵呵,加本力苏维翁,grade-star g-star1,2016-06-16 08:46,银牌会员,孙***n
797,辽宁,,味道不咋样，真心不如长城的。,加本力梅洛-红,grade-star g-star1,2016-03-26 11:45,金牌会员,n***d
798,辽宁,,味道不咋样，真心不如长城的。,梅洛-红,grade-star g-star1,2016-03-26 11:45,金牌会员,n***d
799,广东,来自京东Android客户端,收到货后才发现瓶子有点脏，但是没有烂，感觉不是新货,霞多丽白,grade-star g-star1,2016-06-18 10:57,银牌会员,j***t
800,广东,来自京东Android客户端,还没喝，不知道怎么样，看包装不像正品,加本力苏维翁,grade-star g-star1,2016-06-18 10:57,银牌会员,j***t
801,广东,来自京东Android客户端,感觉一般般,幕斯卡白,grade-star g-star1,2016-06-18 10:57,银牌会员,j***t
802,广东,来自京东Android客户端,二维码竟然是烂的，这样的货也能发过来，以后不会再买了,梅洛-红,grade-star g-star1,2016-06-18 10:57,银牌会员,j***t
803,,来自京东Android客户端,木塞都没有，劝大家不要买，小心上当,加本力苏维翁,grade-star g-star1,2016-06-14 11:13,银牌会员,1***p
804,江苏,,"*买了你家这么多东西还一*号,打售后电话也不承认,抢了这么天券,等到0点都不行,*",西拉-红,grade-star g-star1,2016-04-29 10:45,金牌会员,只***尔
805,,来自京东iPhone客户端,瓶塞都没有 很难喝假货上当的感觉,梅洛-红,grade-star g-star1,2016-06-15 20:14,铜牌会员,j***i
806,,来自京东iPhone客户端,送的袋子是个露的 麻烦以后检查下再送 还不如不送 酒直接掉地上碎掉 呵呵,加本力苏维翁,grade-star g-star1,2016-06-16 08:46,银牌会员,孙***n
807,辽宁,,味道不咋样，真心不如长城的。,加本力梅洛-红,grade-star g-star1,2016-03-26 11:45,金牌会员,n***d
808,辽宁,,味道不咋样，真心不如长城的。,梅洛-红,grade-star g-star1,2016-03-26 11:45,金牌会员,n***d
809,广东,来自京东Android客户端,收到货后才发现瓶子有点脏，但是没有烂，感觉不是新货,霞多丽白,grade-star g-star1,2016-06-18 10:57,银牌会员,j***t
810,广东,来自京东Android客户端,还没喝，不知道怎么样，看包装不像正品,加本力苏维翁,grade-star g-star1,2016-06-18 10:57,银牌会员,j***t
811,广东,来自京东Android客户端,感觉一般般,幕斯卡白,grade-star g-star1,2016-06-18 10:57,银牌会员,j***t
812,广东,来自京东Android客户端,二维码竟然是烂的，这样的货也能发过来，以后不会再买了,梅洛-红,grade-star g-star1,2016-06-18 10:57,银牌会员,j***t
813,,来自京东Android客户端,木塞都没有，劝大家不要买，小心上当,加本力苏维翁,grade-star g-star1,2016-06-14 11:13,银牌会员,1***p
814,江苏,,"*买了你家这么多东西还一*号,打售后电话也不承认,抢了这么天券,等到0点都不行,*",西拉-红,grade-star g-star1,2016-04-29 10:45,金牌会员,只***尔
815,,来自京东iPhone客户端,瓶塞都没有 很难喝假货上当的感觉,梅洛-红,grade-star g-star1,2016-06-15 20:14,铜牌会员,j***i
816,,来自京东iPhone客户端,送的袋子是个露的 麻烦以后检查下再送 还不如不送 酒直接掉地上碎掉 呵呵,加本力苏维翁,grade-star g-star1,2016-06-16 08:46,银牌会员,孙***n
817,辽宁,,味道不咋样，真心不如长城的。,加本力梅洛-红,grade-star g-star1,2016-03-26 11:45,金牌会员,n***d
818,辽宁,,味道不咋样，真心不如长城的。,梅洛-红,grade-star g-star1,2016-03-26 11:45,金牌会员,n***d
819,广东,来自京东Android客户端,收到货后才发现瓶子有点脏，但是没有烂，感觉不是新货,霞多丽白,grade-star g-star1,2016-06-18 10:57,银牌会员,j***t
820,广东,来自京东Android客户端,还没喝，不知道怎么样，看包装不像正品,加本力苏维翁,grade-star g-star1,2016-06-18 10:57,银牌会员,j***t
821,广东,来自京东Android客户端,感觉一般般,幕斯卡白,grade-star g-star1,2016-06-18 10:57,银牌会员,j***t
822,广东,来自京东Android客户端,二维码竟然是烂的，这样的货也能发过来，以后不会再买了,梅洛-红,grade-star g-star1,2016-06-18 10:57,银牌会员,j***t
823,,来自京东Android客户端,木塞都没有，劝大家不要买，小心上当,加本力苏维翁,grade-star g-star1,2016-06-14 11:13,银牌会员,1***p
824,江苏,,"*买了你家这么多东西还一*号,打售后电话也不承认,抢了这么天券,等到0点都不行,*",西拉-红,grade-star g-star1,2016-04-29 10:45,金牌会员,只***尔
825,,来自京东iPhone客户端,瓶塞都没有 很难喝假货上当的感觉,梅洛-红,grade-star g-star1,2016-06-15 20:14,铜牌会员,j***i
826,,来自京东iPhone客户端,送的袋子是个露的 麻烦以后检查下再送 还不如不送 酒直接掉地上碎掉 呵呵,加本力苏维翁,grade-star g-star1,2016-06-16 08:46,银牌会员,孙***n
827,辽宁,,味道不咋样，真心不如长城的。,加本力梅洛-红,grade-star g-star1,2016-03-26 11:45,金牌会员,n***d
828,辽宁,,味道不咋样，真心不如长城的。,梅洛-红,grade-star g-star1,2016-03-26 11:45,金牌会员,n***d
829,广东,来自京东Android客户端,收到货后才发现瓶子有点脏，但是没有烂，感觉不是新货,霞多丽白,grade-star g-star1,2016-06-18 10:57,银牌会员,j***t
830,广东,来自京东Android客户端,还没喝，不知道怎么样，看包装不像正品,加本力苏维翁,grade-star g-star1,2016-06-18 10:57,银牌会员,j***t
831,广东,来自京东Android客户端,感觉一般般,幕斯卡白,grade-star g-star1,2016-06-18 10:57,银牌会员,j***t
832,广东,来自京东Android客户端,二维码竟然是烂的，这样的货也能发过来，以后不会再买了,梅洛-红,grade-star g-star1,2016-06-18 10:57,银牌会员,j***t
833,,来自京东Android客户端,木塞都没有，劝大家不要买，小心上当,加本力苏维翁,grade-star g-star1,2016-06-14 11:13,银牌会员,1***p
834,江苏,,"*买了你家这么多东西还一*号,打售后电话也不承认,抢了这么天券,等到0点都不行,*",西拉-红,grade-star g-star1,2016-04-29 10:45,金牌会员,只***尔
835,,来自京东iPhone客户端,瓶塞都没有 很难喝假货上当的感觉,梅洛-红,grade-star g-star1,2016-06-15 20:14,铜牌会员,j***i
836,,来自京东iPhone客户端,送的袋子是个露的 麻烦以后检查下再送 还不如不送 酒直接掉地上碎掉 呵呵,加本力苏维翁,grade-star g-star1,2016-06-16 08:46,银牌会员,孙***n
837,辽宁,,味道不咋样，真心不如长城的。,加本力梅洛-红,grade-star g-star1,2016-03-26 11:45,金牌会员,n***d
838,辽宁,,味道不咋样，真心不如长城的。,梅洛-红,grade-star g-star1,2016-03-26 11:45,金牌会员,n***d
839,广东,来自京东Android客户端,收到货后才发现瓶子有点脏，但是没有烂，感觉不是新货,霞多丽白,grade-star g-star1,2016-06-18 10:57,银牌会员,j***t
840,广东,来自京东Android客户端,还没喝，不知道怎么样，看包装不像正品,加本力苏维翁,grade-star g-star1,2016-06-18 10:57,银牌会员,j***t
841,广东,来自京东Android客户端,感觉一般般,幕斯卡白,grade-star g-star1,2016-06-18 10:57,银牌会员,j***t
842,广东,来自京东Android客户端,二维码竟然是烂的，这样的货也能发过来，以后不会再买了,梅洛-红,grade-star g-star1,2016-06-18 10:57,银牌会员,j***t
843,,来自京东Android客户端,木塞都没有，劝大家不要买，小心上当,加本力苏维翁,grade-star g-star1,2016-06-14 11:13,银牌会员,1***p
844,江苏,,"*买了你家这么多东西还一*号,打售后电话也不承认,抢了这么天券,等到0点都不行,*",西拉-红,grade-star g-star1,2016-04-29 10:45,金牌会员,只***尔
845,,来自京东iPhone客户端,瓶塞都没有 很难喝假货上当的感觉,梅洛-红,grade-star g-star1,2016-06-15 20:14,铜牌会员,j***i
846,,来自京东iPhone客户端,送的袋子是个露的 麻烦以后检查下再送 还不如不送 酒直接掉地上碎掉 呵呵,加本力苏维翁,grade-star g-star1,2016-06-16 08:46,银牌会员,孙***n
847,辽宁,,味道不咋样，真心不如长城的。,加本力梅洛-红,grade-star g-star1,2016-03-26 11:45,金牌会员,n***d
848,辽宁,,味道不咋样，真心不如长城的。,梅洛-红,grade-star g-star1,2016-03-26 11:45,金牌会员,n***d
849,广东,来自京东Android客户端,收到货后才发现瓶子有点脏，但是没有烂，感觉不是新货,霞多丽白,grade-star g-star1,2016-06-18 10:57,银牌会员,j***t
850,广东,来自京东Android客户端,还没喝，不知道怎么样，看包装不像正品,加本力苏维翁,grade-star g-star1,2016-06-18 10:57,银牌会员,j***t
851,广东,来自京东Android客户端,感觉一般般,幕斯卡白,grade-star g-star1,2016-06-18 10:57,银牌会员,j***t
852,广东,来自京东Android客户端,二维码竟然是烂的，这样的货也能发过来，以后不会再买了,梅洛-红,grade-star g-star1,2016-06-18 10:57,银牌会员,j***t
853,,来自京东Android客户端,木塞都没有，劝大家不要买，小心上当,加本力苏维翁,grade-star g-star1,2016-06-14 11:13,银牌会员,1***p
854,江苏,,"*买了你家这么多东西还一*号,打售后电话也不承认,抢了这么天券,等到0点都不行,*",西拉-红,grade-star g-star1,2016-04-29 10:45,金牌会员,只***尔
855,,来自京东iPhone客户端,瓶塞都没有 很难喝假货上当的感觉,梅洛-红,grade-star g-star1,2016-06-15 20:14,铜牌会员,j***i
856,,来自京东iPhone客户端,送的袋子是个露的 麻烦以后检查下再送 还不如不送 酒直接掉地上碎掉 呵呵,加本力苏维翁,grade-star g-star1,2016-06-16 08:46,银牌会员,孙***n
857,辽宁,,味道不咋样，真心不如长城的。,加本力梅洛-红,grade-star g-star1,2016-03-26 11:45,金牌会员,n***d
858,辽宁,,味道不咋样，真心不如长城的。,梅洛-红,grade-star g-star1,2016-03-26 11:45,金牌会员,n***d
859,广东,来自京东Android客户端,收到货后才发现瓶子有点脏，但是没有烂，感觉不是新货,霞多丽白,grade-star g-star1,2016-06-18 10:57,银牌会员,j***t
860,广东,来自京东Android客户端,还没喝，不知道怎么样，看包装不像正品,加本力苏维翁,grade-star g-star1,2016-06-18 10:57,银牌会员,j***t
861,广东,来自京东Android客户端,感觉一般般,幕斯卡白,grade-star g-star1,2016-06-18 10:57,银牌会员,j***t
862,广东,来自京东Android客户端,二维码竟然是烂的，这样的货也能发过来，以后不会再买了,梅洛-红,grade-star g-star1,2016-06-18 10:57,银牌会员,j***t
863,,来自京东Android客户端,木塞都没有，劝大家不要买，小心上当,加本力苏维翁,grade-star g-star1,2016-06-14 11:13,银牌会员,1***p
864,江苏,,"*买了你家这么多东西还一*号,打售后电话也不承认,抢了这么天券,等到0点都不行,*",西拉-红,grade-star g-star1,2016-04-29 10:45,金牌会员,只***尔
865,,来自京东iPhone客户端,瓶塞都没有 很难喝假货上当的感觉,梅洛-红,grade-star g-star1,2016-06-15 20:14,铜牌会员,j***i
866,,来自京东iPhone客户端,送的袋子是个露的 麻烦以后检查下再送 还不如不送 酒直接掉地上碎掉 呵呵,加本力苏维翁,grade-star g-star1,2016-06-16 08:46,银牌会员,孙***n
867,辽宁,,味道不咋样，真心不如长城的。,加本力梅洛-红,grade-star g-star1,2016-03-26 11:45,金牌会员,n***d
868,辽宁,,味道不咋样，真心不如长城的。,梅洛-红,grade-star g-star1,2016-03-26 11:45,金牌会员,n***d
869,广东,来自京东Android客户端,收到货后才发现瓶子有点脏，但是没有烂，感觉不是新货,霞多丽白,grade-star g-star1,2016-06-18 10:57,银牌会员,j***t
870,广东,来自京东Android客户端,还没喝，不知道怎么样，看包装不像正品,加本力苏维翁,grade-star g-star1,2016-06-18 10:57,银牌会员,j***t
871,广东,来自京东Android客户端,感觉一般般,幕斯卡白,grade-star g-star1,2016-06-18 10:57,银牌会员,j***t
872,广东,来自京东Android客户端,二维码竟然是烂的，这样的货也能发过来，以后不会再买了,梅洛-红,grade-star g-star1,2016-06-18 10:57,银牌会员,j***t
873,,来自京东Android客户端,木塞都没有，劝大家不要买，小心上当,加本力苏维翁,grade-star g-star1,2016-06-14 11:13,银牌会员,1***p
874,江苏,,"*买了你家这么多东西还一*号,打售后电话也不承认,抢了这么天券,等到0点都不行,*",西拉-红,grade-star g-star1,2016-04-29 10:45,金牌会员,只***尔
875,,来自京东iPhone客户端,瓶塞都没有 很难喝假货上当的感觉,梅洛-红,grade-star g-star1,2016-06-15 20:14,铜牌会员,j***i
876,,来自京东iPhone客户端,送的袋子是个露的 麻烦以后检查下再送 还不如不送 酒直接掉地上碎掉 呵呵,加本力苏维翁,grade-star g-star1,2016-06-16 08:46,银牌会员,孙***n
877,辽宁,,味道不咋样，真心不如长城的。,加本力梅洛-红,grade-star g-star1,2016-03-26 11:45,金牌会员,n***d
878,辽宁,,味道不咋样，真心不如长城的。,梅洛-红,grade-star g-star1,2016-03-26 11:45,金牌会员,n***d
879,广东,来自京东Android客户端,收到货后才发现瓶子有点脏，但是没有烂，感觉不是新货,霞多丽白,grade-star g-star1,2016-06-18 10:57,银牌会员,j***t
880,广东,来自京东Android客户端,还没喝，不知道怎么样，看包装不像正品,加本力苏维翁,grade-star g-star1,2016-06-18 10:57,银牌会员,j***t
881,广东,来自京东Android客户端,感觉一般般,幕斯卡白,grade-star g-star1,2016-06-18 10:57,银牌会员,j***t
882,广东,来自京东Android客户端,二维码竟然是烂的，这样的货也能发过来，以后不会再买了,梅洛-红,grade-star g-star1,2016-06-18 10:57,银牌会员,j***t
883,,来自京东Android客户端,木塞都没有，劝大家不要买，小心上当,加本力苏维翁,grade-star g-star1,2016-06-14 11:13,银牌会员,1***p
884,江苏,,"*买了你家这么多东西还一*号,打售后电话也不承认,抢了这么天券,等到0点都不行,*",西拉-红,grade-star g-star1,2016-04-29 10:45,金牌会员,只***尔
885,,来自京东iPhone客户端,瓶塞都没有 很难喝假货上当的感觉,梅洛-红,grade-star g-star1,2016-06-15 20:14,铜牌会员,j***i
886,,来自京东iPhone客户端,送的袋子是个露的 麻烦以后检查下再送 还不如不送 酒直接掉地上碎掉 呵呵,加本力苏维翁,grade-star g-star1,2016-06-16 08:46,银牌会员,孙***n
887,辽宁,,味道不咋样，真心不如长城的。,加本力梅洛-红,grade-star g-star1,2016-03-26 11:45,金牌会员,n***d
888,辽宁,,味道不咋样，真心不如长城的。,梅洛-红,grade-star g-star1,2016-03-26 11:45,金牌会员,n***d
889,广东,来自京东Android客户端,收到货后才发现瓶子有点脏，但是没有烂，感觉不是新货,霞多丽白,grade-star g-star1,2016-06-18 10:57,银牌会员,j***t
890,广东,来自京东Android客户端,还没喝，不知道怎么样，看包装不像正品,加本力苏维翁,grade-star g-star1,2016-06-18 10:57,银牌会员,j***t
891,广东,来自京东Android客户端,感觉一般般,幕斯卡白,grade-star g-star1,2016-06-18 10:57,银牌会员,j***t
892,广东,来自京东Android客户端,二维码竟然是烂的，这样的货也能发过来，以后不会再买了,梅洛-红,grade-star g-star1,2016-06-18 10:57,银牌会员,j***t
893,,来自京东Android客户端,木塞都没有，劝大家不要买，小心上当,加本力苏维翁,grade-star g-star1,2016-06-14 11:13,银牌会员,1***p
894,江苏,,"*买了你家这么多东西还一*号,打售后电话也不承认,抢了这么天券,等到0点都不行,*",西拉-红,grade-star g-star1,2016-04-29 10:45,金牌会员,只***尔
895,,来自京东iPhone客户端,瓶塞都没有 很难喝假货上当的感觉,梅洛-红,grade-star g-star1,2016-06-15 20:14,铜牌会员,j***i
896,,来自京东iPhone客户端,送的袋子是个露的 麻烦以后检查下再送 还不如不送 酒直接掉地上碎掉 呵呵,加本力苏维翁,grade-star g-star1,2016-06-16 08:46,银牌会员,孙***n
897,辽宁,,味道不咋样，真心不如长城的。,加本力梅洛-红,grade-star g-star1,2016-03-26 11:45,金牌会员,n***d
898,辽宁,,味道不咋样，真心不如长城的。,梅洛-红,grade-star g-star1,2016-03-26 11:45,金牌会员,n***d
899,广东,来自京东Android客户端,收到货后才发现瓶子有点脏，但是没有烂，感觉不是新货,霞多丽白,grade-star g-star1,2016-06-18 10:57,银牌会员,j***t
900,广东,来自京东Android客户端,还没喝，不知道怎么样，看包装不像正品,加本力苏维翁,grade-star g-star1,2016-06-18 10:57,银牌会员,j***t
901,广东,来自京东Android客户端,感觉一般般,幕斯卡白,grade-star g-star1,2016-06-18 10:57,银牌会员,j***t
902,广东,来自京东Android客户端,二维码竟然是烂的，这样的货也能发过来，以后不会再买了,梅洛-红,grade-star g-star1,2016-06-18 10:57,银牌会员,j***t
903,,来自京东Android客户端,木塞都没有，劝大家不要买，小心上当,加本力苏维翁,grade-star g-star1,2016-06-14 11:13,银牌会员,1***p
904,江苏,,"*买了你家这么多东西还一*号,打售后电话也不承认,抢了这么天券,等到0点都不行,*",西拉-红,grade-star g-star1,2016-04-29 10:45,金牌会员,只***尔
905,,来自京东iPhone客户端,瓶塞都没有 很难喝假货上当的感觉,梅洛-红,grade-star g-star1,2016-06-15 20:14,铜牌会员,j***i
906,,来自京东iPhone客户端,送的袋子是个露的 麻烦以后检查下再送 还不如不送 酒直接掉地上碎掉 呵呵,加本力苏维翁,grade-star g-star1,2016-06-16 08:46,银牌会员,孙***n
907,辽宁,,味道不咋样，真心不如长城的。,加本力梅洛-红,grade-star g-star1,2016-03-26 11:45,金牌会员,n***d
908,辽宁,,味道不咋样，真心不如长城的。,梅洛-红,grade-star g-star1,2016-03-26 11:45,金牌会员,n***d
909,广东,来自京东Android客户端,收到货后才发现瓶子有点脏，但是没有烂，感觉不是新货,霞多丽白,grade-star g-star1,2016-06-18 10:57,银牌会员,j***t
910,广东,来自京东Android客户端,还没喝，不知道怎么样，看包装不像正品,加本力苏维翁,grade-star g-star1,2016-06-18 10:57,银牌会员,j***t
911,广东,来自京东Android客户端,感觉一般般,幕斯卡白,grade-star g-star1,2016-06-18 10:57,银牌会员,j***t
912,广东,来自京东Android客户端,二维码竟然是烂的，这样的货也能发过来，以后不会再买了,梅洛-红,grade-star g-star1,2016-06-18 10:57,银牌会员,j***t
913,,来自京东Android客户端,木塞都没有，劝大家不要买，小心上当,加本力苏维翁,grade-star g-star1,2016-06-14 11:13,银牌会员,1***p
914,江苏,,"*买了你家这么多东西还一*号,打售后电话也不承认,抢了这么天券,等到0点都不行,*",西拉-红,grade-star g-star1,2016-04-29 10:45,金牌会员,只***尔
915,,来自京东iPhone客户端,瓶塞都没有 很难喝假货上当的感觉,梅洛-红,grade-star g-star1,2016-06-15 20:14,铜牌会员,j***i
916,,来自京东iPhone客户端,送的袋子是个露的 麻烦以后检查下再送 还不如不送 酒直接掉地上碎掉 呵呵,加本力苏维翁,grade-star g-star1,2016-06-16 08:46,银牌会员,孙***n
917,辽宁,,味道不咋样，真心不如长城的。,加本力梅洛-红,grade-star g-star1,2016-03-26 11:45,金牌会员,n***d
918,辽宁,,味道不咋样，真心不如长城的。,梅洛-红,grade-star g-star1,2016-03-26 11:45,金牌会员,n***d
919,广东,来自京东Android客户端,收到货后才发现瓶子有点脏，但是没有烂，感觉不是新货,霞多丽白,grade-star g-star1,2016-06-18 10:57,银牌会员,j***t
920,广东,来自京东Android客户端,还没喝，不知道怎么样，看包装不像正品,加本力苏维翁,grade-star g-star1,2016-06-18 10:57,银牌会员,j***t
921,广东,来自京东Android客户端,感觉一般般,幕斯卡白,grade-star g-star1,2016-06-18 10:57,银牌会员,j***t
922,广东,来自京东Android客户端,二维码竟然是烂的，这样的货也能发过来，以后不会再买了,梅洛-红,grade-star g-star1,2016-06-18 10:57,银牌会员,j***t
923,,来自京东Android客户端,木塞都没有，劝大家不要买，小心上当,加本力苏维翁,grade-star g-star1,2016-06-14 11:13,银牌会员,1***p
924,江苏,,"*买了你家这么多东西还一*号,打售后电话也不承认,抢了这么天券,等到0点都不行,*",西拉-红,grade-star g-star1,2016-04-29 10:45,金牌会员,只***尔
925,,来自京东iPhone客户端,瓶塞都没有 很难喝假货上当的感觉,梅洛-红,grade-star g-star1,2016-06-15 20:14,铜牌会员,j***i
926,,来自京东iPhone客户端,送的袋子是个露的 麻烦以后检查下再送 还不如不送 酒直接掉地上碎掉 呵呵,加本力苏维翁,grade-star g-star1,2016-06-16 08:46,银牌会员,孙***n
927,辽宁,,味道不咋样，真心不如长城的。,加本力梅洛-红,grade-star g-star1,2016-03-26 11:45,金牌会员,n***d
928,辽宁,,味道不咋样，真心不如长城的。,梅洛-红,grade-star g-star1,2016-03-26 11:45,金牌会员,n***d
929,广东,来自京东Android客户端,收到货后才发现瓶子有点脏，但是没有烂，感觉不是新货,霞多丽白,grade-star g-star1,2016-06-18 10:57,银牌会员,j***t
930,广东,来自京东Android客户端,还没喝，不知道怎么样，看包装不像正品,加本力苏维翁,grade-star g-star1,2016-06-18 10:57,银牌会员,j***t
931,广东,来自京东Android客户端,感觉一般般,幕斯卡白,grade-star g-star1,2016-06-18 10:57,银牌会员,j***t
932,广东,来自京东Android客户端,二维码竟然是烂的，这样的货也能发过来，以后不会再买了,梅洛-红,grade-star g-star1,2016-06-18 10:57,银牌会员,j***t
933,,来自京东Android客户端,木塞都没有，劝大家不要买，小心上当,加本力苏维翁,grade-star g-star1,2016-06-14 11:13,银牌会员,1***p
934,江苏,,"*买了你家这么多东西还一*号,打售后电话也不承认,抢了这么天券,等到0点都不行,*",西拉-红,grade-star g-star1,2016-04-29 10:45,金牌会员,只***尔
935,,来自京东iPhone客户端,瓶塞都没有 很难喝假货上当的感觉,梅洛-红,grade-star g-star1,2016-06-15 20:14,铜牌会员,j***i
936,,来自京东iPhone客户端,送的袋子是个露的 麻烦以后检查下再送 还不如不送 酒直接掉地上碎掉 呵呵,加本力苏维翁,grade-star g-star1,2016-06-16 08:46,银牌会员,孙***n
937,辽宁,,味道不咋样，真心不如长城的。,加本力梅洛-红,grade-star g-star1,2016-03-26 11:45,金牌会员,n***d
938,辽宁,,味道不咋样，真心不如长城的。,梅洛-红,grade-star g-star1,2016-03-26 11:45,金牌会员,n***d
939,广东,来自京东Android客户端,收到货后才发现瓶子有点脏，但是没有烂，感觉不是新货,霞多丽白,grade-star g-star1,2016-06-18 10:57,银牌会员,j***t
940,广东,来自京东Android客户端,还没喝，不知道怎么样，看包装不像正品,加本力苏维翁,grade-star g-star1,2016-06-18 10:57,银牌会员,j***t
941,广东,来自京东Android客户端,感觉一般般,幕斯卡白,grade-star g-star1,2016-06-18 10:57,银牌会员,j***t
942,广东,来自京东Android客户端,二维码竟然是烂的，这样的货也能发过来，以后不会再买了,梅洛-红,grade-star g-star1,2016-06-18 10:57,银牌会员,j***t
943,,来自京东Android客户端,木塞都没有，劝大家不要买，小心上当,加本力苏维翁,grade-star g-star1,2016-06-14 11:13,银牌会员,1***p
944,江苏,,"*买了你家这么多东西还一*号,打售后电话也不承认,抢了这么天券,等到0点都不行,*",西拉-红,grade-star g-star1,2016-04-29 10:45,金牌会员,只***尔
945,,来自京东iPhone客户端,瓶塞都没有 很难喝假货上当的感觉,梅洛-红,grade-star g-star1,2016-06-15 20:14,铜牌会员,j***i
946,,来自京东iPhone客户端,送的袋子是个露的 麻烦以后检查下再送 还不如不送 酒直接掉地上碎掉 呵呵,加本力苏维翁,grade-star g-star1,2016-06-16 08:46,银牌会员,孙***n
947,辽宁,,味道不咋样，真心不如长城的。,加本力梅洛-红,grade-star g-star1,2016-03-26 11:45,金牌会员,n***d
948,辽宁,,味道不咋样，真心不如长城的。,梅洛-红,grade-star g-star1,2016-03-26 11:45,金牌会员,n***d
949,广东,来自京东Android客户端,收到货后才发现瓶子有点脏，但是没有烂，感觉不是新货,霞多丽白,grade-star g-star1,2016-06-18 10:57,银牌会员,j***t
950,广东,来自京东Android客户端,还没喝，不知道怎么样，看包装不像正品,加本力苏维翁,grade-star g-star1,2016-06-18 10:57,银牌会员,j***t
951,广东,来自京东Android客户端,感觉一般般,幕斯卡白,grade-star g-star1,2016-06-18 10:57,银牌会员,j***t
952,广东,来自京东Android客户端,二维码竟然是烂的，这样的货也能发过来，以后不会再买了,梅洛-红,grade-star g-star1,2016-06-18 10:57,银牌会员,j***t
953,,来自京东Android客户端,木塞都没有，劝大家不要买，小心上当,加本力苏维翁,grade-star g-star1,2016-06-14 11:13,银牌会员,1***p
954,江苏,,"*买了你家这么多东西还一*号,打售后电话也不承认,抢了这么天券,等到0点都不行,*",西拉-红,grade-star g-star1,2016-04-29 10:45,金牌会员,只***尔
955,,来自京东iPhone客户端,瓶塞都没有 很难喝假货上当的感觉,梅洛-红,grade-star g-star1,2016-06-15 20:14,铜牌会员,j***i
956,,来自京东iPhone客户端,送的袋子是个露的 麻烦以后检查下再送 还不如不送 酒直接掉地上碎掉 呵呵,加本力苏维翁,grade-star g-star1,2016-06-16 08:46,银牌会员,孙***n
957,辽宁,,味道不咋样，真心不如长城的。,加本力梅洛-红,grade-star g-star1,2016-03-26 11:45,金牌会员,n***d
958,辽宁,,味道不咋样，真心不如长城的。,梅洛-红,grade-star g-star1,2016-03-26 11:45,金牌会员,n***d
959,广东,来自京东Android客户端,收到货后才发现瓶子有点脏，但是没有烂，感觉不是新货,霞多丽白,grade-star g-star1,2016-06-18 10:57,银牌会员,j***t
960,广东,来自京东Android客户端,还没喝，不知道怎么样，看包装不像正品,加本力苏维翁,grade-star g-star1,2016-06-18 10:57,银牌会员,j***t
961,广东,来自京东Android客户端,感觉一般般,幕斯卡白,grade-star g-star1,2016-06-18 10:57,银牌会员,j***t
962,广东,来自京东Android客户端,二维码竟然是烂的，这样的货也能发过来，以后不会再买了,梅洛-红,grade-star g-star1,2016-06-18 10:57,银牌会员,j***t
963,,来自京东Android客户端,木塞都没有，劝大家不要买，小心上当,加本力苏维翁,grade-star g-star1,2016-06-14 11:13,银牌会员,1***p
964,江苏,,"*买了你家这么多东西还一*号,打售后电话也不承认,抢了这么天券,等到0点都不行,*",西拉-红,grade-star g-star1,2016-04-29 10:45,金牌会员,只***尔
965,,来自京东iPhone客户端,瓶塞都没有 很难喝假货上当的感觉,梅洛-红,grade-star g-star1,2016-06-15 20:14,铜牌会员,j***i
966,,来自京东iPhone客户端,送的袋子是个露的 麻烦以后检查下再送 还不如不送 酒直接掉地上碎掉 呵呵,加本力苏维翁,grade-star g-star1,2016-06-16 08:46,银牌会员,孙***n
967,辽宁,,味道不咋样，真心不如长城的。,加本力梅洛-红,grade-star g-star1,2016-03-26 11:45,金牌会员,n***d
968,辽宁,,味道不咋样，真心不如长城的。,梅洛-红,grade-star g-star1,2016-03-26 11:45,金牌会员,n***d
969,广东,来自京东Android客户端,收到货后才发现瓶子有点脏，但是没有烂，感觉不是新货,霞多丽白,grade-star g-star1,2016-06-18 10:57,银牌会员,j***t
970,广东,来自京东Android客户端,还没喝，不知道怎么样，看包装不像正品,加本力苏维翁,grade-star g-star1,2016-06-18 10:57,银牌会员,j***t
971,广东,来自京东Android客户端,感觉一般般,幕斯卡白,grade-star g-star1,2016-06-18 10:57,银牌会员,j***t
972,广东,来自京东Android客户端,二维码竟然是烂的，这样的货也能发过来，以后不会再买了,梅洛-红,grade-star g-star1,2016-06-18 10:57,银牌会员,j***t
973,,来自京东Android客户端,木塞都没有，劝大家不要买，小心上当,加本力苏维翁,grade-star g-star1,2016-06-14 11:13,银牌会员,1***p
974,江苏,,"*买了你家这么多东西还一*号,打售后电话也不承认,抢了这么天券,等到0点都不行,*",西拉-红,grade-star g-star1,2016-04-29 10:45,金牌会员,只***尔
975,,来自京东iPhone客户端,瓶塞都没有 很难喝假货上当的感觉,梅洛-红,grade-star g-star1,2016-06-15 20:14,铜牌会员,j***i
976,,来自京东iPhone客户端,送的袋子是个露的 麻烦以后检查下再送 还不如不送 酒直接掉地上碎掉 呵呵,加本力苏维翁,grade-star g-star1,2016-06-16 08:46,银牌会员,孙***n
977,辽宁,,味道不咋样，真心不如长城的。,加本力梅洛-红,grade-star g-star1,2016-03-26 11:45,金牌会员,n***d
978,辽宁,,味道不咋样，真心不如长城的。,梅洛-红,grade-star g-star1,2016-03-26 11:45,金牌会员,n***d
979,广东,来自京东Android客户端,收到货后才发现瓶子有点脏，但是没有烂，感觉不是新货,霞多丽白,grade-star g-star1,2016-06-18 10:57,银牌会员,j***t
980,广东,来自京东Android客户端,还没喝，不知道怎么样，看包装不像正品,加本力苏维翁,grade-star g-star1,2016-06-18 10:57,银牌会员,j***t
981,广东,来自京东Android客户端,感觉一般般,幕斯卡白,grade-star g-star1,2016-06-18 10:57,银牌会员,j***t
982,广东,来自京东Android客户端,二维码竟然是烂的，这样的货也能发过来，以后不会再买了,梅洛-红,grade-star g-star1,2016-06-18 10:57,银牌会员,j***t
983,,来自京东Android客户端,木塞都没有，劝大家不要买，小心上当,加本力苏维翁,grade-star g-star1,2016-06-14 11:13,银牌会员,1***p
984,江苏,,"*买了你家这么多东西还一*号,打售后电话也不承认,抢了这么天券,等到0点都不行,*",西拉-红,grade-star g-star1,2016-04-29 10:45,金牌会员,只***尔
985,,来自京东iPhone客户端,瓶塞都没有 很难喝假货上当的感觉,梅洛-红,grade-star g-star1,2016-06-15 20:14,铜牌会员,j***i
986,,来自京东iPhone客户端,送的袋子是个露的 麻烦以后检查下再送 还不如不送 酒直接掉地上碎掉 呵呵,加本力苏维翁,grade-star g-star1,2016-06-16 08:46,银牌会员,孙***n
987,辽宁,,味道不咋样，真心不如长城的。,加本力梅洛-红,grade-star g-star1,2016-03-26 11:45,金牌会员,n***d
988,辽宁,,味道不咋样，真心不如长城的。,梅洛-红,grade-star g-star1,2016-03-26 11:45,金牌会员,n***d
989,广东,来自京东Android客户端,收到货后才发现瓶子有点脏，但是没有烂，感觉不是新货,霞多丽白,grade-star g-star1,2016-06-18 10:57,银牌会员,j***t
990,广东,来自京东Android客户端,还没喝，不知道怎么样，看包装不像正品,加本力苏维翁,grade-star g-star1,2016-06-18 10:57,银牌会员,j***t
991,广东,来自京东Android客户端,感觉一般般,幕斯卡白,grade-star g-star1,2016-06-18 10:57,银牌会员,j***t
992,广东,来自京东Android客户端,二维码竟然是烂的，这样的货也能发过来，以后不会再买了,梅洛-红,grade-star g-star1,2016-06-18 10:57,银牌会员,j***t
993,,来自京东Android客户端,木塞都没有，劝大家不要买，小心上当,加本力苏维翁,grade-star g-star1,2016-06-14 11:13,银牌会员,1***p
994,江苏,,"*买了你家这么多东西还一*号,打售后电话也不承认,抢了这么天券,等到0点都不行,*",西拉-红,grade-star g-star1,2016-04-29 10:45,金牌会员,只***尔
995,,来自京东iPhone客户端,瓶塞都没有 很难喝假货上当的感觉,梅洛-红,grade-star g-star1,2016-06-15 20:14,铜牌会员,j***i
996,,来自京东iPhone客户端,送的袋子是个露的 麻烦以后检查下再送 还不如不送 酒直接掉地上碎掉 呵呵,加本力苏维翁,grade-star g-star1,2016-06-16 08:46,银牌会员,孙***n
997,辽宁,,味道不咋样，真心不如长城的。,加本力梅洛-红,grade-star g-star1,2016-03-26 11:45,金牌会员,n***d
998,辽宁,,味道不咋样，真心不如长城的。,梅洛-红,grade-star g-star1,2016-03-26 11:45,金牌会员,n***d
999,广东,来自京东Android客户端,收到货后才发现瓶子有点脏，但是没有烂，感觉不是新货,霞多丽白,grade-star g-star1,2016-06-18 10:57,银牌会员,j***t
1000,广东,来自京东Android客户端,还没喝，不知道怎么样，看包装不像正品,加本力苏维翁,grade-star g-star1,2016-06-18 10:57,银牌会员,j***t
1001,广东,来自京东Android客户端,感觉一般般,幕斯卡白,grade-star g-star1,2016-06-18 10:57,银牌会员,j***t
1002,广东,来自京东Android客户端,二维码竟然是烂的，这样的货也能发过来，以后不会再买了,梅洛-红,grade-star g-star1,2016-06-18 10:57,银牌会员,j***t
1003,,来自京东Android客户端,木塞都没有，劝大家不要买，小心上当,加本力苏维翁,grade-star g-star1,2016-06-14 11:13,银牌会员,1***p
1004,江苏,,"*买了你家这么多东西还一*号,打售后电话也不承认,抢了这么天券,等到0点都不行,*",西拉-红,grade-star g-star1,2016-04-29 10:45,金牌会员,只***尔
1005,,来自京东iPhone客户端,瓶塞都没有 很难喝假货上当的感觉,梅洛-红,grade-star g-star1,2016-06-15 20:14,铜牌会员,j***i
1006,,来自京东iPhone客户端,送的袋子是个露的 麻烦以后检查下再送 还不如不送 酒直接掉地上碎掉 呵呵,加本力苏维翁,grade-star g-star1,2016-06-16 08:46,银牌会员,孙***n
1007,辽宁,,味道不咋样，真心不如长城的。,加本力梅洛-红,grade-star g-star1,2016-03-26 11:45,金牌会员,n***d
1008,辽宁,,味道不咋样，真心不如长城的。,梅洛-红,grade-star g-star1,2016-03-26 11:45,金牌会员,n***d
